{
  "type": "FeatureCollection",
  "generator": "overpass-turbo",
  "copyright": "The data included in this document is from www.openstreetmap.org. The data is made available under ODbL.",
  "timestamp": "2026-01-11T23:09:23Z",
  "features": [
    {
      "type": "Feature",
      "properties": {
        "@id": "way/13832111",
        "highway": "services",
        "name": "Área de Servicio El Rebollar",
        "@geometry": "center"
      },
      "geometry": {
        "type": "Point",
        "coordinates": [
          -1.0093965,
          39.4719362
        ]
      },
      "id": "way/13832111"
    },
    {
      "type": "Feature",
      "properties": {
        "@id": "way/13853915",
        "highway": "services",
        "@geometry": "center"
      },
      "geometry": {
        "type": "Point",
        "coordinates": [
          -1.1430483,
          39.5267472
        ]
      },
      "id": "way/13853915"
    },
    {
      "type": "Feature",
      "properties": {
        "@id": "way/23704514",
        "highway": "services",
        "name": "Estación de servicio Funtesila",
        "@geometry": "center"
      },
      "geometry": {
        "type": "Point",
        "coordinates": [
          -5.8691948,
          43.3405602
        ]
      },
      "id": "way/23704514"
    },
    {
      "type": "Feature",
      "properties": {
        "@id": "way/36821477",
        "highway": "services",
        "name": "Estación de Servicio Troteras",
        "operator": "Repsol",
        "toilets": "yes",
        "@geometry": "center"
      },
      "geometry": {
        "type": "Point",
        "coordinates": [
          0.086849,
          42.4347576
        ]
      },
      "id": "way/36821477"
    },
    {
      "type": "Feature",
      "properties": {
        "@id": "way/39856625",
        "highway": "services",
        "@geometry": "center"
      },
      "geometry": {
        "type": "Point",
        "coordinates": [
          -1.1068015,
          37.8671855
        ]
      },
      "id": "way/39856625"
    },
    {
      "type": "Feature",
      "properties": {
        "@id": "way/41333880",
        "highway": "services",
        "name": "Area de descanso Ruta de Europa",
        "@geometry": "center"
      },
      "geometry": {
        "type": "Point",
        "coordinates": [
          -2.7789943,
          42.8181612
        ]
      },
      "id": "way/41333880"
    },
    {
      "type": "Feature",
      "properties": {
        "@id": "way/43922332",
        "highway": "services",
        "@geometry": "center"
      },
      "geometry": {
        "type": "Point",
        "coordinates": [
          -3.7320519,
          42.3066948
        ]
      },
      "id": "way/43922332"
    },
    {
      "type": "Feature",
      "properties": {
        "@id": "way/44056126",
        "highway": "services",
        "@geometry": "center"
      },
      "geometry": {
        "type": "Point",
        "coordinates": [
          -3.7232433,
          42.3095681
        ]
      },
      "id": "way/44056126"
    },
    {
      "type": "Feature",
      "properties": {
        "@id": "way/51245236",
        "highway": "services",
        "@geometry": "center"
      },
      "geometry": {
        "type": "Point",
        "coordinates": [
          2.0344776,
          41.5635154
        ]
      },
      "id": "way/51245236"
    },
    {
      "type": "Feature",
      "properties": {
        "@id": "way/51304523",
        "highway": "services",
        "@geometry": "center"
      },
      "geometry": {
        "type": "Point",
        "coordinates": [
          -2.4039511,
          41.1901443
        ]
      },
      "id": "way/51304523"
    },
    {
      "type": "Feature",
      "properties": {
        "@id": "way/51783006",
        "highway": "services",
        "@geometry": "center"
      },
      "geometry": {
        "type": "Point",
        "coordinates": [
          -2.7022559,
          42.8958986
        ]
      },
      "id": "way/51783006"
    },
    {
      "type": "Feature",
      "properties": {
        "@id": "way/56187474",
        "access": "yes",
        "amenity": "parking",
        "highway": "services",
        "parking": "surface",
        "toll": "no",
        "@geometry": "center"
      },
      "geometry": {
        "type": "Point",
        "coordinates": [
          -2.1584508,
          39.4841071
        ]
      },
      "id": "way/56187474"
    },
    {
      "type": "Feature",
      "properties": {
        "@id": "way/58429861",
        "highway": "services",
        "@geometry": "center"
      },
      "geometry": {
        "type": "Point",
        "coordinates": [
          -2.6582378,
          42.836871
        ]
      },
      "id": "way/58429861"
    },
    {
      "type": "Feature",
      "properties": {
        "@id": "way/59960172",
        "highway": "services",
        "name": "Las Terrazas",
        "@geometry": "center"
      },
      "geometry": {
        "type": "Point",
        "coordinates": [
          -3.7119273,
          42.3643709
        ]
      },
      "id": "way/59960172"
    },
    {
      "type": "Feature",
      "properties": {
        "@id": "way/72449061",
        "highway": "services",
        "@geometry": "center"
      },
      "geometry": {
        "type": "Point",
        "coordinates": [
          -1.1045571,
          37.869224
        ]
      },
      "id": "way/72449061"
    },
    {
      "type": "Feature",
      "properties": {
        "@id": "way/92416065",
        "highway": "services",
        "internet_access": "wlan",
        "name": "Sant Pere Sallavinera",
        "name:ca": "Sant Pere Sallavinera",
        "operator": "Repsol",
        "toilets": "yes",
        "@geometry": "center"
      },
      "geometry": {
        "type": "Point",
        "coordinates": [
          1.5789215,
          41.744927
        ]
      },
      "id": "way/92416065"
    },
    {
      "type": "Feature",
      "properties": {
        "@id": "way/93475377",
        "highway": "services",
        "@geometry": "center"
      },
      "geometry": {
        "type": "Point",
        "coordinates": [
          -8.3811301,
          43.3242131
        ]
      },
      "id": "way/93475377"
    },
    {
      "type": "Feature",
      "properties": {
        "@id": "way/93475397",
        "amenity": "fuel",
        "brand": "Galp",
        "brand:website": "https://galp.com",
        "brand:wikidata": "Q1492739",
        "brand:wikipedia": "es:Galp",
        "highway": "services",
        "name": "Galp",
        "opening_hours": "24/7",
        "operator": "Galp",
        "source": "http://geoportalgasolineras.es",
        "@geometry": "center"
      },
      "geometry": {
        "type": "Point",
        "coordinates": [
          -8.3741449,
          43.318803
        ]
      },
      "id": "way/93475397"
    },
    {
      "type": "Feature",
      "properties": {
        "@id": "way/97250028",
        "description": "Area de Servicio",
        "highway": "services",
        "operator": "Autostore",
        "@geometry": "center"
      },
      "geometry": {
        "type": "Point",
        "coordinates": [
          -7.9281606,
          43.1878657
        ]
      },
      "id": "way/97250028"
    },
    {
      "type": "Feature",
      "properties": {
        "@id": "way/98742420",
        "highway": "services",
        "name": "Área de Servizo de Silleda",
        "@geometry": "center"
      },
      "geometry": {
        "type": "Point",
        "coordinates": [
          -8.3008567,
          42.7162823
        ]
      },
      "id": "way/98742420"
    },
    {
      "type": "Feature",
      "properties": {
        "@id": "way/100320900",
        "highway": "services",
        "name": "área de servicio",
        "@geometry": "center"
      },
      "geometry": {
        "type": "Point",
        "coordinates": [
          -5.3798879,
          41.8268145
        ]
      },
      "id": "way/100320900"
    },
    {
      "type": "Feature",
      "properties": {
        "@id": "way/100649440",
        "highway": "services",
        "name": "Àrea del Montseny",
        "name:ca": "Àrea del Montseny",
        "@geometry": "center"
      },
      "geometry": {
        "type": "Point",
        "coordinates": [
          2.4250435,
          41.6477312
        ]
      },
      "id": "way/100649440"
    },
    {
      "type": "Feature",
      "properties": {
        "@id": "way/100649472",
        "highway": "services",
        "name": "Àrea del Montseny",
        "name:ca": "Àrea del Montseny",
        "@geometry": "center"
      },
      "geometry": {
        "type": "Point",
        "coordinates": [
          2.4254834,
          41.6467044
        ]
      },
      "id": "way/100649472"
    },
    {
      "type": "Feature",
      "properties": {
        "@id": "way/102611349",
        "highway": "services",
        "name": "REPSOL",
        "source": "PNOA",
        "source:date": "2009",
        "@geometry": "center"
      },
      "geometry": {
        "type": "Point",
        "coordinates": [
          -0.3552787,
          42.5399508
        ]
      },
      "id": "way/102611349"
    },
    {
      "type": "Feature",
      "properties": {
        "@id": "way/103188057",
        "highway": "services",
        "name": "Área de servicios",
        "toilets": "yes",
        "@geometry": "center"
      },
      "geometry": {
        "type": "Point",
        "coordinates": [
          -4.3975567,
          40.7713312
        ]
      },
      "id": "way/103188057"
    },
    {
      "type": "Feature",
      "properties": {
        "@id": "way/114666718",
        "addr:housenumber": "1",
        "addr:street": "Riera d'Argentona",
        "highway": "services",
        "@geometry": "center"
      },
      "geometry": {
        "type": "Point",
        "coordinates": [
          2.4203889,
          41.5310137
        ]
      },
      "id": "way/114666718"
    },
    {
      "type": "Feature",
      "properties": {
        "@id": "way/117743839",
        "highway": "services",
        "name": "Área de Servizo de Compostela",
        "toilets": "yes",
        "@geometry": "center"
      },
      "geometry": {
        "type": "Point",
        "coordinates": [
          -8.5862541,
          42.8110353
        ]
      },
      "id": "way/117743839"
    },
    {
      "type": "Feature",
      "properties": {
        "@id": "way/123416220",
        "highway": "services",
        "@geometry": "center"
      },
      "geometry": {
        "type": "Point",
        "coordinates": [
          -3.6772855,
          40.1275232
        ]
      },
      "id": "way/123416220"
    },
    {
      "type": "Feature",
      "properties": {
        "@id": "way/123416221",
        "highway": "services",
        "@geometry": "center"
      },
      "geometry": {
        "type": "Point",
        "coordinates": [
          -3.6787572,
          40.1286526
        ]
      },
      "id": "way/123416221"
    },
    {
      "type": "Feature",
      "properties": {
        "@id": "way/124126958",
        "highway": "services",
        "name": "Àrea de Servei Bellaterra",
        "name:ca": "Àrea de Servei Bellaterra",
        "name:es": "área de servicio Bellaterra",
        "toilets": "yes",
        "@geometry": "center"
      },
      "geometry": {
        "type": "Point",
        "coordinates": [
          2.1006327,
          41.4926628
        ]
      },
      "id": "way/124126958"
    },
    {
      "type": "Feature",
      "properties": {
        "@id": "way/128057734",
        "highway": "services",
        "toilets": "yes",
        "@geometry": "center"
      },
      "geometry": {
        "type": "Point",
        "coordinates": [
          -4.4745813,
          42.3915111
        ]
      },
      "id": "way/128057734"
    },
    {
      "type": "Feature",
      "properties": {
        "@id": "way/130754608",
        "highway": "services",
        "operator": "Repsol",
        "@geometry": "center"
      },
      "geometry": {
        "type": "Point",
        "coordinates": [
          -3.7580799,
          40.4611074
        ]
      },
      "id": "way/130754608"
    },
    {
      "type": "Feature",
      "properties": {
        "@id": "way/131177883",
        "highway": "services",
        "@geometry": "center"
      },
      "geometry": {
        "type": "Point",
        "coordinates": [
          -1.1189194,
          37.9434296
        ]
      },
      "id": "way/131177883"
    },
    {
      "type": "Feature",
      "properties": {
        "@id": "way/131913326",
        "highway": "services",
        "@geometry": "center"
      },
      "geometry": {
        "type": "Point",
        "coordinates": [
          -1.2589453,
          37.9531082
        ]
      },
      "id": "way/131913326"
    },
    {
      "type": "Feature",
      "properties": {
        "@id": "way/132068605",
        "highway": "services",
        "source": "PNOA",
        "source:date": "2009",
        "@geometry": "center"
      },
      "geometry": {
        "type": "Point",
        "coordinates": [
          -3.8225361,
          40.4278023
        ]
      },
      "id": "way/132068605"
    },
    {
      "type": "Feature",
      "properties": {
        "@id": "way/133671574",
        "highway": "services",
        "name": "Ugaldebietako zerbitzugune-atsedenlekua",
        "name:es": "Área de servicio de Ugaldebieta",
        "name:eu": "Ugaldebietako zerbitzugune-atsedenlekua",
        "@geometry": "center"
      },
      "geometry": {
        "type": "Point",
        "coordinates": [
          -3.0680625,
          43.3284771
        ]
      },
      "id": "way/133671574"
    },
    {
      "type": "Feature",
      "properties": {
        "@id": "way/133671588",
        "hgv": "yes",
        "highway": "services",
        "name": "Área de servicio Ugaldebieta",
        "@geometry": "center"
      },
      "geometry": {
        "type": "Point",
        "coordinates": [
          -3.0687147,
          43.3271022
        ]
      },
      "id": "way/133671588"
    },
    {
      "type": "Feature",
      "properties": {
        "@id": "way/137894942",
        "highway": "services",
        "name": "Área de servicio de Zuasti",
        "@geometry": "center"
      },
      "geometry": {
        "type": "Point",
        "coordinates": [
          -1.7440931,
          42.8620294
        ]
      },
      "id": "way/137894942"
    },
    {
      "type": "Feature",
      "properties": {
        "@id": "way/137976725",
        "highway": "services",
        "name": "Àrea de Servei de Sagunt",
        "name:ca": "Àrea de Servei de Sagunt",
        "name:es": "Área de Servicio de Sagunto",
        "@geometry": "center"
      },
      "geometry": {
        "type": "Point",
        "coordinates": [
          -0.3025332,
          39.6501783
        ]
      },
      "id": "way/137976725"
    },
    {
      "type": "Feature",
      "properties": {
        "@id": "way/141424121",
        "highway": "services",
        "@geometry": "center"
      },
      "geometry": {
        "type": "Point",
        "coordinates": [
          -1.9227711,
          38.8701636
        ]
      },
      "id": "way/141424121"
    },
    {
      "type": "Feature",
      "properties": {
        "@id": "way/142894790",
        "highway": "services",
        "@geometry": "center"
      },
      "geometry": {
        "type": "Point",
        "coordinates": [
          -1.8911206,
          39.0325878
        ]
      },
      "id": "way/142894790"
    },
    {
      "type": "Feature",
      "properties": {
        "@id": "way/143566409",
        "highway": "services",
        "name": "Àrea del Baix Ebre",
        "name:ca": "Àrea del Baix Ebre",
        "@geometry": "center"
      },
      "geometry": {
        "type": "Point",
        "coordinates": [
          0.6278039,
          40.7643926
        ]
      },
      "id": "way/143566409"
    },
    {
      "type": "Feature",
      "properties": {
        "@id": "way/146401693",
        "highway": "services",
        "name": "Área de servicio Ribera del Duero",
        "@geometry": "center"
      },
      "geometry": {
        "type": "Point",
        "coordinates": [
          -3.7638328,
          41.9301748
        ]
      },
      "id": "way/146401693"
    },
    {
      "type": "Feature",
      "properties": {
        "@id": "way/148511241",
        "highway": "services",
        "@geometry": "center"
      },
      "geometry": {
        "type": "Point",
        "coordinates": [
          -4.7776509,
          41.1324218
        ]
      },
      "id": "way/148511241"
    },
    {
      "type": "Feature",
      "properties": {
        "@id": "way/148616326",
        "highway": "services",
        "toilets": "yes",
        "@geometry": "center"
      },
      "geometry": {
        "type": "Point",
        "coordinates": [
          -4.6655648,
          41.0099761
        ]
      },
      "id": "way/148616326"
    },
    {
      "type": "Feature",
      "properties": {
        "@id": "way/148689410",
        "highway": "services",
        "@geometry": "center"
      },
      "geometry": {
        "type": "Point",
        "coordinates": [
          -4.8495767,
          41.042088
        ]
      },
      "id": "way/148689410"
    },
    {
      "type": "Feature",
      "properties": {
        "@id": "way/161826943",
        "addr:city": "Legasa",
        "addr:postcode": "31792",
        "addr:street": "Iruñea - Behobia errepidea",
        "highway": "services",
        "name": "Área de Servicio Repsol",
        "name:en": "Service Area Repsol",
        "name:es": "Área de Servicio Repsol",
        "nohousenumber": "yes",
        "@geometry": "center"
      },
      "geometry": {
        "type": "Point",
        "coordinates": [
          -1.6309535,
          43.1300048
        ]
      },
      "id": "way/161826943"
    },
    {
      "type": "Feature",
      "properties": {
        "@id": "way/161826944",
        "addr:city": "Legasa",
        "addr:postcode": "31792",
        "addr:street": "Iruñea - Behobia errepidea",
        "highway": "services",
        "name": "Área de Servicio Repsol",
        "name:en": "Service Area Repsol",
        "name:es": "Área de Servicio Repsol",
        "nohousenumber": "yes",
        "@geometry": "center"
      },
      "geometry": {
        "type": "Point",
        "coordinates": [
          -1.6298323,
          43.1306263
        ]
      },
      "id": "way/161826944"
    },
    {
      "type": "Feature",
      "properties": {
        "@id": "way/162607382",
        "highway": "services",
        "name": "Area de Servicio Robledo",
        "toilets": "yes",
        "@geometry": "center"
      },
      "geometry": {
        "type": "Point",
        "coordinates": [
          -5.7990062,
          43.4369042
        ]
      },
      "id": "way/162607382"
    },
    {
      "type": "Feature",
      "properties": {
        "@id": "way/162607387",
        "highway": "services",
        "name": "Area de Servicio Robledo",
        "toilets": "yes",
        "@geometry": "center"
      },
      "geometry": {
        "type": "Point",
        "coordinates": [
          -5.7982879,
          43.4368875
        ]
      },
      "id": "way/162607387"
    },
    {
      "type": "Feature",
      "properties": {
        "@id": "way/162616307",
        "highway": "services",
        "toilets": "yes",
        "@geometry": "center"
      },
      "geometry": {
        "type": "Point",
        "coordinates": [
          -5.8201625,
          43.5146521
        ]
      },
      "id": "way/162616307"
    },
    {
      "type": "Feature",
      "properties": {
        "@id": "way/162616309",
        "highway": "services",
        "toilets": "yes",
        "@geometry": "center"
      },
      "geometry": {
        "type": "Point",
        "coordinates": [
          -5.817421,
          43.5116003
        ]
      },
      "id": "way/162616309"
    },
    {
      "type": "Feature",
      "properties": {
        "@id": "way/163004682",
        "highway": "services",
        "name": "Estación de servicio Junco Colunga",
        "toilets": "yes",
        "@geometry": "center"
      },
      "geometry": {
        "type": "Point",
        "coordinates": [
          -5.2888184,
          43.4813405
        ]
      },
      "id": "way/163004682"
    },
    {
      "type": "Feature",
      "properties": {
        "@id": "way/163004684",
        "highway": "services",
        "name": "Estación de servicio Junco Colunga Mar",
        "toilets": "yes",
        "@geometry": "center"
      },
      "geometry": {
        "type": "Point",
        "coordinates": [
          -5.2838437,
          43.4825734
        ]
      },
      "id": "way/163004684"
    },
    {
      "type": "Feature",
      "properties": {
        "@id": "way/165303795",
        "highway": "services",
        "@geometry": "center"
      },
      "geometry": {
        "type": "Point",
        "coordinates": [
          1.1333718,
          41.6626205
        ]
      },
      "id": "way/165303795"
    },
    {
      "type": "Feature",
      "properties": {
        "@id": "way/167447543",
        "addr:milestone": "Km. 239.5",
        "addr:street": "Autovía del Nordeste",
        "highway": "services",
        "name": "Área 240",
        "toilets": "yes",
        "@geometry": "center"
      },
      "geometry": {
        "type": "Point",
        "coordinates": [
          -1.5865196,
          41.3647538
        ]
      },
      "id": "way/167447543"
    },
    {
      "type": "Feature",
      "properties": {
        "@id": "way/172823432",
        "highway": "services",
        "@geometry": "center"
      },
      "geometry": {
        "type": "Point",
        "coordinates": [
          -0.8403311,
          38.5728633
        ]
      },
      "id": "way/172823432"
    },
    {
      "type": "Feature",
      "properties": {
        "@id": "way/173380162",
        "highway": "services",
        "name": "Àrea de Servei (Avinguda del Mar)",
        "name:es": "área de servicio (Avinguda del Mar)",
        "operator:-2024": "Cepsa",
        "@geometry": "center"
      },
      "geometry": {
        "type": "Point",
        "coordinates": [
          3.1726097,
          41.9086597
        ]
      },
      "id": "way/173380162"
    },
    {
      "type": "Feature",
      "properties": {
        "@id": "way/173637567",
        "highway": "services",
        "@geometry": "center"
      },
      "geometry": {
        "type": "Point",
        "coordinates": [
          -3.6016309,
          37.6111767
        ]
      },
      "id": "way/173637567"
    },
    {
      "type": "Feature",
      "properties": {
        "@id": "way/173637568",
        "highway": "services",
        "name": "Área de Servicio El Oasis 2",
        "toilets": "yes",
        "@geometry": "center"
      },
      "geometry": {
        "type": "Point",
        "coordinates": [
          -3.6262485,
          37.6780023
        ]
      },
      "id": "way/173637568"
    },
    {
      "type": "Feature",
      "properties": {
        "@id": "way/173660191",
        "contact:phone": "+34 958 32 32 00",
        "email": "info@manzanil.com",
        "highway": "services",
        "name": "Área de Servicio Manzanil de Loja",
        "operator": "Manzanil Restauración y Catering",
        "website": "http://manzanil.com/hotel-manzanil-restaurante-area-de-servicio/",
        "@geometry": "center"
      },
      "geometry": {
        "type": "Point",
        "coordinates": [
          -4.1685218,
          37.1656883
        ]
      },
      "id": "way/173660191"
    },
    {
      "type": "Feature",
      "properties": {
        "@id": "way/173666999",
        "addr:city": "Santa Elena, Jaén",
        "addr:street": "A-4 Salida 262",
        "alt_name": "Los Abades Puerta de Andalucía",
        "highway": "services",
        "name": "Abades Puerta de Andalucía",
        "phone": "+34 953 66 4358",
        "@geometry": "center"
      },
      "geometry": {
        "type": "Point",
        "coordinates": [
          -3.571122,
          38.3143368
        ]
      },
      "id": "way/173666999"
    },
    {
      "type": "Feature",
      "properties": {
        "@id": "way/173808820",
        "highway": "services",
        "@geometry": "center"
      },
      "geometry": {
        "type": "Point",
        "coordinates": [
          -3.6377834,
          37.5293466
        ]
      },
      "id": "way/173808820"
    },
    {
      "type": "Feature",
      "properties": {
        "@id": "way/173873617",
        "amenity": "restaurant",
        "highway": "services",
        "name": "Area de Servicio La Pausa",
        "@geometry": "center"
      },
      "geometry": {
        "type": "Point",
        "coordinates": [
          -3.4569626,
          39.2877173
        ]
      },
      "id": "way/173873617"
    },
    {
      "type": "Feature",
      "properties": {
        "@id": "way/173873618",
        "amenity": "restaurant",
        "highway": "services",
        "name": "Area de Servicio La Pausa",
        "@geometry": "center"
      },
      "geometry": {
        "type": "Point",
        "coordinates": [
          -3.4540871,
          39.2881107
        ]
      },
      "id": "way/173873618"
    },
    {
      "type": "Feature",
      "properties": {
        "@id": "way/177977583",
        "highway": "services",
        "@geometry": "center"
      },
      "geometry": {
        "type": "Point",
        "coordinates": [
          -1.7861769,
          37.5857244
        ]
      },
      "id": "way/177977583"
    },
    {
      "type": "Feature",
      "properties": {
        "@id": "way/182333924",
        "highway": "services",
        "@geometry": "center"
      },
      "geometry": {
        "type": "Point",
        "coordinates": [
          -1.1431686,
          38.0246683
        ]
      },
      "id": "way/182333924"
    },
    {
      "type": "Feature",
      "properties": {
        "@id": "way/190310807",
        "highway": "services",
        "@geometry": "center"
      },
      "geometry": {
        "type": "Point",
        "coordinates": [
          -1.4810284,
          38.3174676
        ]
      },
      "id": "way/190310807"
    },
    {
      "type": "Feature",
      "properties": {
        "@id": "way/190350733",
        "addr:housenumber": "1",
        "addr:street": "Avenida María Zambrano",
        "amenity": "fuel",
        "brand": "BP",
        "brand:website": "https://www.bp.com",
        "brand:wikidata": "Q152057",
        "brand:wikipedia": "es:BP",
        "fuel:GTL_diesel": "yes",
        "fuel:diesel": "yes",
        "fuel:octane_95": "yes",
        "fuel:octane_98": "yes",
        "highway": "services",
        "name": "BP",
        "opening_hours": "24/7",
        "operator": "BP",
        "source": "Ministerio de Industria, Turismo y Comercio",
        "source:date": "2010-08-06",
        "@geometry": "center"
      },
      "geometry": {
        "type": "Point",
        "coordinates": [
          -4.467177,
          36.7122996
        ]
      },
      "id": "way/190350733"
    },
    {
      "type": "Feature",
      "properties": {
        "@id": "way/191808758",
        "highway": "services",
        "@geometry": "center"
      },
      "geometry": {
        "type": "Point",
        "coordinates": [
          -8.4618095,
          42.1418503
        ]
      },
      "id": "way/191808758"
    },
    {
      "type": "Feature",
      "properties": {
        "@id": "way/196671808",
        "highway": "services",
        "name": "Área de Servicio El Lagarto",
        "@geometry": "center"
      },
      "geometry": {
        "type": "Point",
        "coordinates": [
          -3.8112432,
          37.7778223
        ]
      },
      "id": "way/196671808"
    },
    {
      "type": "Feature",
      "properties": {
        "@id": "node/198268373",
        "highway": "services",
        "name": "Área de servicio Pagozelai",
        "toilets": "yes"
      },
      "geometry": {
        "type": "Point",
        "coordinates": [
          -1.9571681,
          43.0589794
        ]
      },
      "id": "node/198268373"
    },
    {
      "type": "Feature",
      "properties": {
        "@id": "way/198568977",
        "highway": "services",
        "toilets": "yes",
        "@geometry": "center"
      },
      "geometry": {
        "type": "Point",
        "coordinates": [
          -5.8538027,
          42.0222868
        ]
      },
      "id": "way/198568977"
    },
    {
      "type": "Feature",
      "properties": {
        "@id": "way/202696477",
        "highway": "services",
        "operator:-2024": "Cepsa",
        "@geometry": "center"
      },
      "geometry": {
        "type": "Point",
        "coordinates": [
          -3.7906911,
          37.7998491
        ]
      },
      "id": "way/202696477"
    },
    {
      "type": "Feature",
      "properties": {
        "@id": "way/203979372",
        "highway": "services",
        "name": "Àrea de servei",
        "name:ca": "Àrea de servei",
        "name:es": "área de servicio",
        "@geometry": "center"
      },
      "geometry": {
        "type": "Point",
        "coordinates": [
          1.7505239,
          41.5937976
        ]
      },
      "id": "way/203979372"
    },
    {
      "type": "Feature",
      "properties": {
        "@id": "way/203979375",
        "highway": "services",
        "name": "Àrea de servei",
        "name:ca": "Àrea de servei",
        "name:es": "área de servicio",
        "@geometry": "center"
      },
      "geometry": {
        "type": "Point",
        "coordinates": [
          1.750945,
          41.5927066
        ]
      },
      "id": "way/203979375"
    },
    {
      "type": "Feature",
      "properties": {
        "@id": "way/211186798",
        "highway": "services",
        "name": "Àrea de servei de les Garrigues",
        "name:ca": "Àrea de servei de les Garrigues",
        "toilets": "yes",
        "@geometry": "center"
      },
      "geometry": {
        "type": "Point",
        "coordinates": [
          0.8648214,
          41.4883499
        ]
      },
      "id": "way/211186798"
    },
    {
      "type": "Feature",
      "properties": {
        "@id": "way/211186799",
        "highway": "services",
        "name": "Àrea de servei de les Garrigues",
        "name:ca": "Àrea de servei de les Garrigues",
        "toilets": "yes",
        "@geometry": "center"
      },
      "geometry": {
        "type": "Point",
        "coordinates": [
          0.8662589,
          41.4885204
        ]
      },
      "id": "way/211186799"
    },
    {
      "type": "Feature",
      "properties": {
        "@id": "way/215482977",
        "highway": "services",
        "name": "Àrea del Baix Ebre",
        "name:ca": "Àrea del Baix Ebre",
        "toilets": "yes",
        "@geometry": "center"
      },
      "geometry": {
        "type": "Point",
        "coordinates": [
          0.6273692,
          40.7653825
        ]
      },
      "id": "way/215482977"
    },
    {
      "type": "Feature",
      "properties": {
        "@id": "way/219197876",
        "highway": "services",
        "name": "Área de servicio La Vega",
        "toilets": "yes",
        "@geometry": "center"
      },
      "geometry": {
        "type": "Point",
        "coordinates": [
          -4.134155,
          42.9866527
        ]
      },
      "id": "way/219197876"
    },
    {
      "type": "Feature",
      "properties": {
        "@id": "way/221716629",
        "highway": "services",
        "@geometry": "center"
      },
      "geometry": {
        "type": "Point",
        "coordinates": [
          1.9808973,
          41.2708212
        ]
      },
      "id": "way/221716629"
    },
    {
      "type": "Feature",
      "properties": {
        "@id": "way/222014225",
        "highway": "services",
        "@geometry": "center"
      },
      "geometry": {
        "type": "Point",
        "coordinates": [
          -3.952566,
          37.1824116
        ]
      },
      "id": "way/222014225"
    },
    {
      "type": "Feature",
      "properties": {
        "@id": "way/223290480",
        "highway": "services",
        "name": "Àrea de Servei de Vila-sana",
        "@geometry": "center"
      },
      "geometry": {
        "type": "Point",
        "coordinates": [
          0.8946591,
          41.6434285
        ]
      },
      "id": "way/223290480"
    },
    {
      "type": "Feature",
      "properties": {
        "@id": "way/224629226",
        "highway": "services",
        "name": "La Atalaya",
        "toilets": "yes",
        "@geometry": "center"
      },
      "geometry": {
        "type": "Point",
        "coordinates": [
          -3.8726337,
          40.3765323
        ]
      },
      "id": "way/224629226"
    },
    {
      "type": "Feature",
      "properties": {
        "@id": "way/228246457",
        "highway": "services",
        "name": "La Brújula",
        "toilets": "yes",
        "@geometry": "center"
      },
      "geometry": {
        "type": "Point",
        "coordinates": [
          -3.4942325,
          42.4411822
        ]
      },
      "id": "way/228246457"
    },
    {
      "type": "Feature",
      "properties": {
        "@id": "way/228254926",
        "highway": "services",
        "name": "Área de Servicio Briviesca",
        "toilets": "yes",
        "@geometry": "center"
      },
      "geometry": {
        "type": "Point",
        "coordinates": [
          -3.3321628,
          42.5286654
        ]
      },
      "id": "way/228254926"
    },
    {
      "type": "Feature",
      "properties": {
        "@id": "way/228254927",
        "highway": "services",
        "name": "Área de Servicio Briviesca",
        "toilets": "yes",
        "@geometry": "center"
      },
      "geometry": {
        "type": "Point",
        "coordinates": [
          -3.3334963,
          42.5263552
        ]
      },
      "id": "way/228254927"
    },
    {
      "type": "Feature",
      "properties": {
        "@id": "way/231006153",
        "addr:city": "Jaén",
        "highway": "services",
        "@geometry": "center"
      },
      "geometry": {
        "type": "Point",
        "coordinates": [
          -3.7629475,
          37.77379
        ]
      },
      "id": "way/231006153"
    },
    {
      "type": "Feature",
      "properties": {
        "@id": "way/231191906",
        "highway": "services",
        "name": "Àrea de servei",
        "name:ca": "Àrea de servei",
        "name:es": "área de servicio",
        "@geometry": "center"
      },
      "geometry": {
        "type": "Point",
        "coordinates": [
          0.8231638,
          41.63394
        ]
      },
      "id": "way/231191906"
    },
    {
      "type": "Feature",
      "properties": {
        "@id": "way/234520792",
        "highway": "services",
        "@geometry": "center"
      },
      "geometry": {
        "type": "Point",
        "coordinates": [
          -5.8947914,
          37.4282183
        ]
      },
      "id": "way/234520792"
    },
    {
      "type": "Feature",
      "properties": {
        "@id": "way/234570139",
        "highway": "services",
        "name": "la Porta Catalana",
        "name:ca": "la Porta Catalana",
        "@geometry": "center"
      },
      "geometry": {
        "type": "Point",
        "coordinates": [
          2.8739864,
          42.4058947
        ]
      },
      "id": "way/234570139"
    },
    {
      "type": "Feature",
      "properties": {
        "@id": "way/234570143",
        "highway": "services",
        "name": "la Porta Catalana",
        "name:ca": "la Porta Catalana",
        "toilets": "yes",
        "@geometry": "center"
      },
      "geometry": {
        "type": "Point",
        "coordinates": [
          2.872187,
          42.4058553
        ]
      },
      "id": "way/234570143"
    },
    {
      "type": "Feature",
      "properties": {
        "@id": "way/235486084",
        "highway": "services",
        "name": "Area de servicios Ponteareas",
        "@geometry": "center"
      },
      "geometry": {
        "type": "Point",
        "coordinates": [
          -8.4760036,
          42.1454758
        ]
      },
      "id": "way/235486084"
    },
    {
      "type": "Feature",
      "properties": {
        "@id": "way/240395501",
        "amenity": "fuel",
        "brand": "Repsol",
        "brand:wikidata": "Q174747",
        "brand:wikipedia": "es:Repsol",
        "fuel:diesel": "yes",
        "fuel:octane_95": "yes",
        "fuel:octane_98": "yes",
        "highway": "services",
        "name": "Repsol",
        "opening_hours": "Mo-Su 07:00-23:00",
        "operator": "Repsol",
        "source": "Ministerio de Industria, Turismo y Comercio",
        "source:date": "2008-08-11",
        "@geometry": "center"
      },
      "geometry": {
        "type": "Point",
        "coordinates": [
          -7.2646789,
          42.473952
        ]
      },
      "id": "way/240395501"
    },
    {
      "type": "Feature",
      "properties": {
        "@id": "way/243231236",
        "alt_name": "Abades Sierra Espuña - Andalucía",
        "highway": "services",
        "name": "Abades Sierra Espuña - Sur",
        "operator": "Abades Áreas",
        "toilets": "yes",
        "@geometry": "center"
      },
      "geometry": {
        "type": "Point",
        "coordinates": [
          -1.428711,
          37.794951
        ]
      },
      "id": "way/243231236"
    },
    {
      "type": "Feature",
      "properties": {
        "@id": "way/245824584",
        "addr:city": "Santander",
        "addr:housenumber": "2",
        "addr:postcode": "39011",
        "addr:street": "Calle de Joaquín Rodrigo",
        "highway": "services",
        "name": "E.S. Carrefour El Alisal",
        "operator": "Carrefour",
        "@geometry": "center"
      },
      "geometry": {
        "type": "Point",
        "coordinates": [
          -3.8619183,
          43.4563014
        ]
      },
      "id": "way/245824584"
    },
    {
      "type": "Feature",
      "properties": {
        "@id": "way/260509667",
        "highway": "services",
        "toilets": "yes",
        "@geometry": "center"
      },
      "geometry": {
        "type": "Point",
        "coordinates": [
          -8.4269306,
          43.328538
        ]
      },
      "id": "way/260509667"
    },
    {
      "type": "Feature",
      "properties": {
        "@id": "way/260593197",
        "highway": "services",
        "@geometry": "center"
      },
      "geometry": {
        "type": "Point",
        "coordinates": [
          -0.8903504,
          37.6540689
        ]
      },
      "id": "way/260593197"
    },
    {
      "type": "Feature",
      "properties": {
        "@id": "way/260594202",
        "highway": "services",
        "@geometry": "center"
      },
      "geometry": {
        "type": "Point",
        "coordinates": [
          -1.0696798,
          37.7673545
        ]
      },
      "id": "way/260594202"
    },
    {
      "type": "Feature",
      "properties": {
        "@id": "way/260595279",
        "highway": "services",
        "@geometry": "center"
      },
      "geometry": {
        "type": "Point",
        "coordinates": [
          -1.1064714,
          37.8428417
        ]
      },
      "id": "way/260595279"
    },
    {
      "type": "Feature",
      "properties": {
        "@id": "way/260595452",
        "highway": "services",
        "@geometry": "center"
      },
      "geometry": {
        "type": "Point",
        "coordinates": [
          -1.1362911,
          37.8852079
        ]
      },
      "id": "way/260595452"
    },
    {
      "type": "Feature",
      "properties": {
        "@id": "way/260596577",
        "highway": "services",
        "@geometry": "center"
      },
      "geometry": {
        "type": "Point",
        "coordinates": [
          -1.129532,
          37.8697201
        ]
      },
      "id": "way/260596577"
    },
    {
      "type": "Feature",
      "properties": {
        "@id": "way/260597198",
        "highway": "services",
        "@geometry": "center"
      },
      "geometry": {
        "type": "Point",
        "coordinates": [
          -0.794143,
          37.6285176
        ]
      },
      "id": "way/260597198"
    },
    {
      "type": "Feature",
      "properties": {
        "@id": "way/260597202",
        "highway": "services",
        "@geometry": "center"
      },
      "geometry": {
        "type": "Point",
        "coordinates": [
          -0.7948211,
          37.62798
        ]
      },
      "id": "way/260597202"
    },
    {
      "type": "Feature",
      "properties": {
        "@id": "way/260599942",
        "highway": "services",
        "@geometry": "center"
      },
      "geometry": {
        "type": "Point",
        "coordinates": [
          -0.7200754,
          37.6275069
        ]
      },
      "id": "way/260599942"
    },
    {
      "type": "Feature",
      "properties": {
        "@id": "way/260680924",
        "highway": "services",
        "@geometry": "center"
      },
      "geometry": {
        "type": "Point",
        "coordinates": [
          -0.9883804,
          37.6393701
        ]
      },
      "id": "way/260680924"
    },
    {
      "type": "Feature",
      "properties": {
        "@id": "way/261954884",
        "highway": "services",
        "name": "Mowiz Truck Astigarraga",
        "website": "https://mowiztruck.com/es/guipuzcoa/mowiz-truck-astigarraga/9",
        "@geometry": "center"
      },
      "geometry": {
        "type": "Point",
        "coordinates": [
          -1.9238378,
          43.2833497
        ]
      },
      "id": "way/261954884"
    },
    {
      "type": "Feature",
      "properties": {
        "@id": "way/262349426",
        "highway": "services",
        "@geometry": "center"
      },
      "geometry": {
        "type": "Point",
        "coordinates": [
          0.8788596,
          41.8803147
        ]
      },
      "id": "way/262349426"
    },
    {
      "type": "Feature",
      "properties": {
        "@id": "way/262948382",
        "highway": "services",
        "@geometry": "center"
      },
      "geometry": {
        "type": "Point",
        "coordinates": [
          -1.0838917,
          37.7098656
        ]
      },
      "id": "way/262948382"
    },
    {
      "type": "Feature",
      "properties": {
        "@id": "way/263080466",
        "highway": "services",
        "name": "Moeve",
        "name:-2024": "Cepsa",
        "operator:-2024": "Cepsa",
        "@geometry": "center"
      },
      "geometry": {
        "type": "Point",
        "coordinates": [
          -1.8238291,
          38.9695765
        ]
      },
      "id": "way/263080466"
    },
    {
      "type": "Feature",
      "properties": {
        "@id": "way/263678476",
        "highway": "services",
        "@geometry": "center"
      },
      "geometry": {
        "type": "Point",
        "coordinates": [
          -1.0218763,
          37.7205503
        ]
      },
      "id": "way/263678476"
    },
    {
      "type": "Feature",
      "properties": {
        "@id": "way/265134178",
        "highway": "services",
        "toilets": "yes",
        "@geometry": "center"
      },
      "geometry": {
        "type": "Point",
        "coordinates": [
          -0.9820636,
          37.6540818
        ]
      },
      "id": "way/265134178"
    },
    {
      "type": "Feature",
      "properties": {
        "@id": "node/272060872",
        "exit:road_ref": "AP-68",
        "highway": "services",
        "name": "Área de Servicio de Calahorra (Dirección Logroño)"
      },
      "geometry": {
        "type": "Point",
        "coordinates": [
          -1.9695694,
          42.2926622
        ]
      },
      "id": "node/272060872"
    },
    {
      "type": "Feature",
      "properties": {
        "@id": "node/272060890",
        "exit:road_ref": "AP-68",
        "highway": "services",
        "name": "Área de Servicio de Calahorra (Dirección Zaragoza)"
      },
      "geometry": {
        "type": "Point",
        "coordinates": [
          -1.9714021,
          42.291813
        ]
      },
      "id": "node/272060890"
    },
    {
      "type": "Feature",
      "properties": {
        "@id": "way/272656609",
        "highway": "services",
        "name": "Área de Servicio de Hernani",
        "@geometry": "center"
      },
      "geometry": {
        "type": "Point",
        "coordinates": [
          -1.9828018,
          43.2796872
        ]
      },
      "id": "way/272656609"
    },
    {
      "type": "Feature",
      "properties": {
        "@id": "way/272656617",
        "highway": "services",
        "name": "Área de Servicio de Hernani",
        "@geometry": "center"
      },
      "geometry": {
        "type": "Point",
        "coordinates": [
          -1.9793605,
          43.2782776
        ]
      },
      "id": "way/272656617"
    },
    {
      "type": "Feature",
      "properties": {
        "@id": "way/275798052",
        "highway": "services",
        "name": "Àrea servei l'Empordà",
        "toilets": "yes",
        "@geometry": "center"
      },
      "geometry": {
        "type": "Point",
        "coordinates": [
          2.9317186,
          42.1736098
        ]
      },
      "id": "way/275798052"
    },
    {
      "type": "Feature",
      "properties": {
        "@id": "way/281549769",
        "highway": "services",
        "name": "Área de Servicio Arroyo de la Miel",
        "@geometry": "center"
      },
      "geometry": {
        "type": "Point",
        "coordinates": [
          -4.5283684,
          36.6133654
        ]
      },
      "id": "way/281549769"
    },
    {
      "type": "Feature",
      "properties": {
        "@id": "way/281549770",
        "highway": "services",
        "name": "Área de Servicio Arroyo de la Miel",
        "toilets": "yes",
        "@geometry": "center"
      },
      "geometry": {
        "type": "Point",
        "coordinates": [
          -4.5280008,
          36.6120838
        ]
      },
      "id": "way/281549770"
    },
    {
      "type": "Feature",
      "properties": {
        "@id": "way/285880171",
        "barrier": "fence",
        "highway": "services",
        "@geometry": "center"
      },
      "geometry": {
        "type": "Point",
        "coordinates": [
          -5.8377843,
          36.1346964
        ]
      },
      "id": "way/285880171"
    },
    {
      "type": "Feature",
      "properties": {
        "@id": "way/286187064",
        "amenity": "fuel",
        "brand": "Vladoil",
        "fuel:GTL_diesel": "yes",
        "fuel:adblue": "yes",
        "fuel:octane_98": "yes",
        "highway": "services",
        "name": "Estación de Servicio El Tomillar",
        "opening_hours": "24/7",
        "operator": "Vladoil Málaga SL",
        "self_service": "yes",
        "@geometry": "center"
      },
      "geometry": {
        "type": "Point",
        "coordinates": [
          -4.4847878,
          36.7319461
        ]
      },
      "id": "way/286187064"
    },
    {
      "type": "Feature",
      "properties": {
        "@id": "way/286321557",
        "highway": "services",
        "toilets": "yes",
        "@geometry": "center"
      },
      "geometry": {
        "type": "Point",
        "coordinates": [
          -6.452465,
          42.6235855
        ]
      },
      "id": "way/286321557"
    },
    {
      "type": "Feature",
      "properties": {
        "@id": "way/288668011",
        "highway": "services",
        "@geometry": "center"
      },
      "geometry": {
        "type": "Point",
        "coordinates": [
          0.6439819,
          41.6113347
        ]
      },
      "id": "way/288668011"
    },
    {
      "type": "Feature",
      "properties": {
        "@id": "way/289842306",
        "highway": "services",
        "name": "Àrea de Servei de Garraf",
        "name:ca": "Àrea de Servei de Garraf",
        "name:es": "área de servicio del Garraf",
        "operator": "Repsol",
        "toilets": "yes",
        "@geometry": "center"
      },
      "geometry": {
        "type": "Point",
        "coordinates": [
          1.6761791,
          41.2212263
        ]
      },
      "id": "way/289842306"
    },
    {
      "type": "Feature",
      "properties": {
        "@id": "way/289842307",
        "highway": "services",
        "name": "Àrea de Servei de Garraf",
        "name:ca": "Àrea de Servei de Garraf",
        "name:es": "área de servicio del Garraf",
        "operator": "Repsol",
        "toilets": "yes",
        "@geometry": "center"
      },
      "geometry": {
        "type": "Point",
        "coordinates": [
          1.6754121,
          41.2215809
        ]
      },
      "id": "way/289842307"
    },
    {
      "type": "Feature",
      "properties": {
        "@id": "way/292215361",
        "highway": "services",
        "@geometry": "center"
      },
      "geometry": {
        "type": "Point",
        "coordinates": [
          2.7159825,
          41.6683941
        ]
      },
      "id": "way/292215361"
    },
    {
      "type": "Feature",
      "properties": {
        "@id": "way/292215362",
        "highway": "services",
        "@geometry": "center"
      },
      "geometry": {
        "type": "Point",
        "coordinates": [
          2.7159205,
          41.6689223
        ]
      },
      "id": "way/292215362"
    },
    {
      "type": "Feature",
      "properties": {
        "@id": "way/296435657",
        "brand": "BonÀrea",
        "brand:wikidata": "Q11924743",
        "highway": "services",
        "name": "BonÀrea",
        "@geometry": "center"
      },
      "geometry": {
        "type": "Point",
        "coordinates": [
          1.550065,
          41.9854514
        ]
      },
      "id": "way/296435657"
    },
    {
      "type": "Feature",
      "properties": {
        "@id": "way/297238320",
        "addr:city": "La Línea de la Concepción",
        "addr:housenumber": "40",
        "addr:postcode": "11300",
        "addr:street": "Carretera de las Industrias",
        "fuel:diesel": "yes",
        "fuel:octane_95": "yes",
        "fuel:octane_97": "yes",
        "fuel:octane_98": "yes",
        "highway": "services",
        "name": "Estación de Servicio Campo de Gibraltar",
        "opening_hours": "Mo-Su 07:00-23:00",
        "operator": "Gasolineras Campo de Gibraltar",
        "@geometry": "center"
      },
      "geometry": {
        "type": "Point",
        "coordinates": [
          -5.3610553,
          36.174704
        ]
      },
      "id": "way/297238320"
    },
    {
      "type": "Feature",
      "properties": {
        "@id": "way/303554659",
        "highway": "services",
        "name": "Galp - Estación de Servicio 24H - Ziordia",
        "@geometry": "center"
      },
      "geometry": {
        "type": "Point",
        "coordinates": [
          -2.2361002,
          42.8645034
        ]
      },
      "id": "way/303554659"
    },
    {
      "type": "Feature",
      "properties": {
        "@id": "way/306003822",
        "highway": "services",
        "name": "Área de Servicio",
        "@geometry": "center"
      },
      "geometry": {
        "type": "Point",
        "coordinates": [
          -4.8075369,
          41.1819755
        ]
      },
      "id": "way/306003822"
    },
    {
      "type": "Feature",
      "properties": {
        "@id": "way/306003824",
        "highway": "services",
        "name": "Área de Servicio",
        "toilets": "yes",
        "@geometry": "center"
      },
      "geometry": {
        "type": "Point",
        "coordinates": [
          -4.8056564,
          41.1767228
        ]
      },
      "id": "way/306003824"
    },
    {
      "type": "Feature",
      "properties": {
        "@id": "way/306033192",
        "amenity": "fuel",
        "brand": "Galp",
        "brand:wikidata": "Q1492739",
        "highway": "services",
        "name": "Estación de Servicio Medina del Campo Tangerina",
        "@geometry": "center"
      },
      "geometry": {
        "type": "Point",
        "coordinates": [
          -4.9587864,
          41.3550645
        ]
      },
      "id": "way/306033192"
    },
    {
      "type": "Feature",
      "properties": {
        "@id": "way/306033193",
        "highway": "services",
        "opening_hours": "24/7",
        "toilets": "yes",
        "@geometry": "center"
      },
      "geometry": {
        "type": "Point",
        "coordinates": [
          -5.173523,
          41.6273102
        ]
      },
      "id": "way/306033193"
    },
    {
      "type": "Feature",
      "properties": {
        "@id": "way/306033194",
        "highway": "services",
        "@geometry": "center"
      },
      "geometry": {
        "type": "Point",
        "coordinates": [
          -5.2200058,
          41.6940348
        ]
      },
      "id": "way/306033194"
    },
    {
      "type": "Feature",
      "properties": {
        "@id": "way/306033195",
        "highway": "services",
        "@geometry": "center"
      },
      "geometry": {
        "type": "Point",
        "coordinates": [
          -5.1217188,
          41.5975709
        ]
      },
      "id": "way/306033195"
    },
    {
      "type": "Feature",
      "properties": {
        "@id": "way/306033196",
        "highway": "services",
        "@geometry": "center"
      },
      "geometry": {
        "type": "Point",
        "coordinates": [
          -5.0426539,
          41.5261005
        ]
      },
      "id": "way/306033196"
    },
    {
      "type": "Feature",
      "properties": {
        "@id": "way/306033198",
        "highway": "services",
        "@geometry": "center"
      },
      "geometry": {
        "type": "Point",
        "coordinates": [
          -5.3243921,
          41.7853613
        ]
      },
      "id": "way/306033198"
    },
    {
      "type": "Feature",
      "properties": {
        "@id": "way/306033199",
        "highway": "services",
        "@geometry": "center"
      },
      "geometry": {
        "type": "Point",
        "coordinates": [
          -5.3110478,
          41.7738434
        ]
      },
      "id": "way/306033199"
    },
    {
      "type": "Feature",
      "properties": {
        "@id": "way/306033202",
        "highway": "services",
        "@geometry": "center"
      },
      "geometry": {
        "type": "Point",
        "coordinates": [
          -5.0989413,
          41.575418
        ]
      },
      "id": "way/306033202"
    },
    {
      "type": "Feature",
      "properties": {
        "@id": "way/306036377",
        "highway": "services",
        "name": "Los Rosales",
        "toilets": "yes",
        "@geometry": "center"
      },
      "geometry": {
        "type": "Point",
        "coordinates": [
          -6.5036793,
          42.5979732
        ]
      },
      "id": "way/306036377"
    },
    {
      "type": "Feature",
      "properties": {
        "@id": "way/306036378",
        "highway": "services",
        "@geometry": "center"
      },
      "geometry": {
        "type": "Point",
        "coordinates": [
          -6.0800805,
          42.4447391
        ]
      },
      "id": "way/306036378"
    },
    {
      "type": "Feature",
      "properties": {
        "@id": "way/306036379",
        "highway": "services",
        "@geometry": "center"
      },
      "geometry": {
        "type": "Point",
        "coordinates": [
          -5.9138593,
          42.2874828
        ]
      },
      "id": "way/306036379"
    },
    {
      "type": "Feature",
      "properties": {
        "@id": "way/306036380",
        "highway": "services",
        "name": "Área de descanso de O Corgo",
        "toilets": "yes",
        "@geometry": "center"
      },
      "geometry": {
        "type": "Point",
        "coordinates": [
          -7.4548781,
          42.9653889
        ]
      },
      "id": "way/306036380"
    },
    {
      "type": "Feature",
      "properties": {
        "@id": "way/306036381",
        "highway": "services",
        "name": "Área de descanso de O Corgo",
        "toilets": "yes",
        "@geometry": "center"
      },
      "geometry": {
        "type": "Point",
        "coordinates": [
          -7.4572163,
          42.9652501
        ]
      },
      "id": "way/306036381"
    },
    {
      "type": "Feature",
      "properties": {
        "@id": "way/306036382",
        "highway": "services",
        "@geometry": "center"
      },
      "geometry": {
        "type": "Point",
        "coordinates": [
          -6.2329646,
          42.5989465
        ]
      },
      "id": "way/306036382"
    },
    {
      "type": "Feature",
      "properties": {
        "@id": "way/306036383",
        "highway": "services",
        "@geometry": "center"
      },
      "geometry": {
        "type": "Point",
        "coordinates": [
          -5.7136149,
          42.0882518
        ]
      },
      "id": "way/306036383"
    },
    {
      "type": "Feature",
      "properties": {
        "@id": "way/306036384",
        "highway": "services",
        "@geometry": "center"
      },
      "geometry": {
        "type": "Point",
        "coordinates": [
          -6.2319638,
          42.6017661
        ]
      },
      "id": "way/306036384"
    },
    {
      "type": "Feature",
      "properties": {
        "@id": "way/306036385",
        "highway": "services",
        "@geometry": "center"
      },
      "geometry": {
        "type": "Point",
        "coordinates": [
          -6.230125,
          42.5989982
        ]
      },
      "id": "way/306036385"
    },
    {
      "type": "Feature",
      "properties": {
        "@id": "way/306036386",
        "highway": "services",
        "@geometry": "center"
      },
      "geometry": {
        "type": "Point",
        "coordinates": [
          -5.715255,
          42.0887045
        ]
      },
      "id": "way/306036386"
    },
    {
      "type": "Feature",
      "properties": {
        "@id": "way/306036387",
        "highway": "services",
        "name": "Área de Servicio Trabadelo",
        "name:gl": "Área de Servizo Trabadelo",
        "operator": "Repsol",
        "toilets": "yes",
        "@geometry": "center"
      },
      "geometry": {
        "type": "Point",
        "coordinates": [
          -6.876534,
          42.646617
        ]
      },
      "id": "way/306036387"
    },
    {
      "type": "Feature",
      "properties": {
        "@id": "way/306036388",
        "highway": "services",
        "name": "Área de Servicio Grupo Valcarce",
        "name:gl": "Área de Servizo Valcarce",
        "toilets": "yes",
        "@geometry": "center"
      },
      "geometry": {
        "type": "Point",
        "coordinates": [
          -6.9146894,
          42.6589891
        ]
      },
      "id": "way/306036388"
    },
    {
      "type": "Feature",
      "properties": {
        "@id": "way/306036984",
        "highway": "services",
        "toilets": "yes",
        "@geometry": "center"
      },
      "geometry": {
        "type": "Point",
        "coordinates": [
          -4.6146158,
          40.9552168
        ]
      },
      "id": "way/306036984"
    },
    {
      "type": "Feature",
      "properties": {
        "@id": "way/306036985",
        "highway": "services",
        "toilets": "yes",
        "@geometry": "center"
      },
      "geometry": {
        "type": "Point",
        "coordinates": [
          -4.6145959,
          40.9562635
        ]
      },
      "id": "way/306036985"
    },
    {
      "type": "Feature",
      "properties": {
        "@id": "way/306042379",
        "highway": "services",
        "name": "Caldas de Luna",
        "@geometry": "center"
      },
      "geometry": {
        "type": "Point",
        "coordinates": [
          -5.8571076,
          42.9290124
        ]
      },
      "id": "way/306042379"
    },
    {
      "type": "Feature",
      "properties": {
        "@id": "way/306087188",
        "exit:road_ref": "AP-15",
        "highway": "services",
        "name": "Área de Servicio de Imarcoain",
        "@geometry": "center"
      },
      "geometry": {
        "type": "Point",
        "coordinates": [
          -1.6187159,
          42.7325872
        ]
      },
      "id": "way/306087188"
    },
    {
      "type": "Feature",
      "properties": {
        "@id": "way/306087189",
        "exit:road_ref": "AP-15",
        "highway": "services",
        "name": "Área de Servicio de Imarcoain",
        "@geometry": "center"
      },
      "geometry": {
        "type": "Point",
        "coordinates": [
          -1.6167888,
          42.7315746
        ]
      },
      "id": "way/306087189"
    },
    {
      "type": "Feature",
      "properties": {
        "@id": "way/306088707",
        "exit:road_ref": "AP-15",
        "highway": "services",
        "name": "Área de Servicio de Valtierra",
        "@geometry": "center"
      },
      "geometry": {
        "type": "Point",
        "coordinates": [
          -1.6749219,
          42.2007646
        ]
      },
      "id": "way/306088707"
    },
    {
      "type": "Feature",
      "properties": {
        "@id": "way/306088708",
        "exit:road_ref": "AP-15",
        "highway": "services",
        "name": "Área de Servicio de Valtierra",
        "@geometry": "center"
      },
      "geometry": {
        "type": "Point",
        "coordinates": [
          -1.6764437,
          42.2011782
        ]
      },
      "id": "way/306088708"
    },
    {
      "type": "Feature",
      "properties": {
        "@id": "way/306090788",
        "alt_name": "Área de Servicio de Arrigorriaga",
        "highway": "services",
        "name": "Área de Servicio Janbide",
        "operator": "Asema, S.A.",
        "@geometry": "center"
      },
      "geometry": {
        "type": "Point",
        "coordinates": [
          -2.8959929,
          43.1906567
        ]
      },
      "id": "way/306090788"
    },
    {
      "type": "Feature",
      "properties": {
        "@id": "way/306092565",
        "highway": "services",
        "name": "Área de Servicio de Tudela",
        "toilets": "yes",
        "@geometry": "center"
      },
      "geometry": {
        "type": "Point",
        "coordinates": [
          -1.6008196,
          42.0128674
        ]
      },
      "id": "way/306092565"
    },
    {
      "type": "Feature",
      "properties": {
        "@id": "way/306371011",
        "highway": "services",
        "toilets": "yes",
        "@geometry": "center"
      },
      "geometry": {
        "type": "Point",
        "coordinates": [
          -4.0386492,
          40.6441346
        ]
      },
      "id": "way/306371011"
    },
    {
      "type": "Feature",
      "properties": {
        "@id": "way/306371012",
        "highway": "services",
        "toilets": "yes",
        "@geometry": "center"
      },
      "geometry": {
        "type": "Point",
        "coordinates": [
          -4.0393139,
          40.6422796
        ]
      },
      "id": "way/306371012"
    },
    {
      "type": "Feature",
      "properties": {
        "@id": "way/306435623",
        "highway": "services",
        "name": "Area de Servicio Sobradiel",
        "toilets": "yes",
        "@geometry": "center"
      },
      "geometry": {
        "type": "Point",
        "coordinates": [
          -1.0307376,
          41.7310452
        ]
      },
      "id": "way/306435623"
    },
    {
      "type": "Feature",
      "properties": {
        "@id": "way/306442651",
        "highway": "services",
        "name": "Área de servicio de Logroño",
        "toilets": "yes",
        "@geometry": "center"
      },
      "geometry": {
        "type": "Point",
        "coordinates": [
          -2.3700247,
          42.4503611
        ]
      },
      "id": "way/306442651"
    },
    {
      "type": "Feature",
      "properties": {
        "@id": "way/306529636",
        "highway": "services",
        "name": "Area de servicio de Quintanapalla",
        "toilets": "yes",
        "@geometry": "center"
      },
      "geometry": {
        "type": "Point",
        "coordinates": [
          -3.5501625,
          42.4038791
        ]
      },
      "id": "way/306529636"
    },
    {
      "type": "Feature",
      "properties": {
        "@id": "way/306529637",
        "highway": "services",
        "name": "Area de servicio de Quintanapalla",
        "toilets": "yes",
        "toilets:wheelchair": "yes",
        "@geometry": "center"
      },
      "geometry": {
        "type": "Point",
        "coordinates": [
          -3.5488877,
          42.4049588
        ]
      },
      "id": "way/306529637"
    },
    {
      "type": "Feature",
      "properties": {
        "@id": "way/306529638",
        "highway": "services",
        "name": "Área de servicio Desfiladero",
        "@geometry": "center"
      },
      "geometry": {
        "type": "Point",
        "coordinates": [
          -3.0689091,
          42.6508408
        ]
      },
      "id": "way/306529638"
    },
    {
      "type": "Feature",
      "properties": {
        "@id": "way/306529639",
        "highway": "services",
        "name": "Área de servicio Desfiladero",
        "@geometry": "center"
      },
      "geometry": {
        "type": "Point",
        "coordinates": [
          -3.0692515,
          42.6517061
        ]
      },
      "id": "way/306529639"
    },
    {
      "type": "Feature",
      "properties": {
        "@id": "way/306529640",
        "highway": "services",
        "name": "Área de Servicio Arrasate-Mondragón",
        "toilets": "yes",
        "@geometry": "center"
      },
      "geometry": {
        "type": "Point",
        "coordinates": [
          -2.4760079,
          43.0635726
        ]
      },
      "id": "way/306529640"
    },
    {
      "type": "Feature",
      "properties": {
        "@id": "way/306529641",
        "highway": "services",
        "name": "Eskoriatza",
        "name:etymology:wikidata": "Q24011006; Q1633894",
        "@geometry": "center"
      },
      "geometry": {
        "type": "Point",
        "coordinates": [
          -2.5352632,
          43.0169458
        ]
      },
      "id": "way/306529641"
    },
    {
      "type": "Feature",
      "properties": {
        "@id": "way/306876631",
        "highway": "services",
        "name": "Área de Servizo de Coirós",
        "@geometry": "center"
      },
      "geometry": {
        "type": "Point",
        "coordinates": [
          -8.1348138,
          43.2398693
        ]
      },
      "id": "way/306876631"
    },
    {
      "type": "Feature",
      "properties": {
        "@id": "way/306889030",
        "highway": "services",
        "@geometry": "center"
      },
      "geometry": {
        "type": "Point",
        "coordinates": [
          -5.7251933,
          42.541166
        ]
      },
      "id": "way/306889030"
    },
    {
      "type": "Feature",
      "properties": {
        "@id": "node/311595734",
        "exit:road_ref": "AP-7",
        "highway": "services",
        "name": "Àrea de Servei La Jonquera / Porta Catalana",
        "toilets": "yes"
      },
      "geometry": {
        "type": "Point",
        "coordinates": [
          2.8744117,
          42.4055243
        ]
      },
      "id": "node/311595734"
    },
    {
      "type": "Feature",
      "properties": {
        "@id": "node/320193983",
        "highway": "services",
        "name": "Área de Servicio de Chucena"
      },
      "geometry": {
        "type": "Point",
        "coordinates": [
          -6.4238603,
          37.3468141
        ]
      },
      "id": "node/320193983"
    },
    {
      "type": "Feature",
      "properties": {
        "@id": "node/320193985",
        "highway": "services",
        "name": "Área de Servicio de Chucena"
      },
      "geometry": {
        "type": "Point",
        "coordinates": [
          -6.4222057,
          37.3485967
        ]
      },
      "id": "node/320193985"
    },
    {
      "type": "Feature",
      "properties": {
        "@id": "way/321520930",
        "highway": "services",
        "@geometry": "center"
      },
      "geometry": {
        "type": "Point",
        "coordinates": [
          -5.6849769,
          38.2615012
        ]
      },
      "id": "way/321520930"
    },
    {
      "type": "Feature",
      "properties": {
        "@id": "way/321604516",
        "highway": "services",
        "name": "El Polear",
        "@geometry": "center"
      },
      "geometry": {
        "type": "Point",
        "coordinates": [
          -4.3284144,
          37.069017
        ]
      },
      "id": "way/321604516"
    },
    {
      "type": "Feature",
      "properties": {
        "@id": "way/321604517",
        "highway": "services",
        "name": "El Capricho",
        "@geometry": "center"
      },
      "geometry": {
        "type": "Point",
        "coordinates": [
          -4.3268075,
          37.067187
        ]
      },
      "id": "way/321604517"
    },
    {
      "type": "Feature",
      "properties": {
        "@id": "way/326979434",
        "highway": "services",
        "name": "La Atalaya",
        "@geometry": "center"
      },
      "geometry": {
        "type": "Point",
        "coordinates": [
          -3.8742596,
          40.3765753
        ]
      },
      "id": "way/326979434"
    },
    {
      "type": "Feature",
      "properties": {
        "@id": "way/326980220",
        "highway": "services",
        "@geometry": "center"
      },
      "geometry": {
        "type": "Point",
        "coordinates": [
          -3.8910642,
          40.3987388
        ]
      },
      "id": "way/326980220"
    },
    {
      "type": "Feature",
      "properties": {
        "@id": "way/331410023",
        "highway": "services",
        "@geometry": "center"
      },
      "geometry": {
        "type": "Point",
        "coordinates": [
          -5.9217351,
          37.372725
        ]
      },
      "id": "way/331410023"
    },
    {
      "type": "Feature",
      "properties": {
        "@id": "node/331993161",
        "highway": "services"
      },
      "geometry": {
        "type": "Point",
        "coordinates": [
          -17.2062744,
          28.0351271
        ]
      },
      "id": "node/331993161"
    },
    {
      "type": "Feature",
      "properties": {
        "@id": "node/332315975",
        "exit:road_ref": "AP-2",
        "highway": "services",
        "name": "Área de Servicio de Los Monegros",
        "toilets": "yes"
      },
      "geometry": {
        "type": "Point",
        "coordinates": [
          0.04006,
          41.5185364
        ]
      },
      "id": "node/332315975"
    },
    {
      "type": "Feature",
      "properties": {
        "@id": "way/332593853",
        "highway": "services",
        "name": "Villa de Los Arcos",
        "@geometry": "center"
      },
      "geometry": {
        "type": "Point",
        "coordinates": [
          -2.1809046,
          42.5551567
        ]
      },
      "id": "way/332593853"
    },
    {
      "type": "Feature",
      "properties": {
        "@id": "way/334879595",
        "email": "areadeservicioeltoro.shop@gmail.com",
        "highway": "services",
        "name": "Área de Servicio El Toro",
        "source": "https://areadeservicioeltoro.shop",
        "@geometry": "center"
      },
      "geometry": {
        "type": "Point",
        "coordinates": [
          -3.669584,
          40.1769726
        ]
      },
      "id": "way/334879595"
    },
    {
      "type": "Feature",
      "properties": {
        "@id": "way/335086311",
        "highway": "services",
        "@geometry": "center"
      },
      "geometry": {
        "type": "Point",
        "coordinates": [
          -2.0004701,
          42.3197609
        ]
      },
      "id": "way/335086311"
    },
    {
      "type": "Feature",
      "properties": {
        "@id": "way/337435268",
        "highway": "services",
        "@geometry": "center"
      },
      "geometry": {
        "type": "Point",
        "coordinates": [
          2.8718873,
          42.4170244
        ]
      },
      "id": "way/337435268"
    },
    {
      "type": "Feature",
      "properties": {
        "@id": "way/341706488",
        "highway": "services",
        "@geometry": "center"
      },
      "geometry": {
        "type": "Point",
        "coordinates": [
          1.8726657,
          42.2235333
        ]
      },
      "id": "way/341706488"
    },
    {
      "type": "Feature",
      "properties": {
        "@id": "way/351098600",
        "highway": "services",
        "@geometry": "center"
      },
      "geometry": {
        "type": "Point",
        "coordinates": [
          1.845154,
          42.0991597
        ]
      },
      "id": "way/351098600"
    },
    {
      "type": "Feature",
      "properties": {
        "@id": "way/351683740",
        "highway": "services",
        "@geometry": "center"
      },
      "geometry": {
        "type": "Point",
        "coordinates": [
          -3.6177877,
          41.0404565
        ]
      },
      "id": "way/351683740"
    },
    {
      "type": "Feature",
      "properties": {
        "@id": "way/351683741",
        "highway": "services",
        "@geometry": "center"
      },
      "geometry": {
        "type": "Point",
        "coordinates": [
          -3.7509064,
          41.9153779
        ]
      },
      "id": "way/351683741"
    },
    {
      "type": "Feature",
      "properties": {
        "@id": "way/351683742",
        "highway": "services",
        "name": "Área de Servicio Milagros",
        "@geometry": "center"
      },
      "geometry": {
        "type": "Point",
        "coordinates": [
          -3.6975748,
          41.5935664
        ]
      },
      "id": "way/351683742"
    },
    {
      "type": "Feature",
      "properties": {
        "@id": "way/351683743",
        "highway": "services",
        "name": "Área de Servicio Sarracín",
        "@geometry": "center"
      },
      "geometry": {
        "type": "Point",
        "coordinates": [
          -3.7057864,
          42.2450172
        ]
      },
      "id": "way/351683743"
    },
    {
      "type": "Feature",
      "properties": {
        "@id": "way/351683744",
        "highway": "services",
        "name": "Área de Servicio Sarracín",
        "toilets": "yes",
        "@geometry": "center"
      },
      "geometry": {
        "type": "Point",
        "coordinates": [
          -3.703901,
          42.2461071
        ]
      },
      "id": "way/351683744"
    },
    {
      "type": "Feature",
      "properties": {
        "@id": "way/351686451",
        "highway": "services",
        "toilets": "yes",
        "@geometry": "center"
      },
      "geometry": {
        "type": "Point",
        "coordinates": [
          -3.9575089,
          42.2511942
        ]
      },
      "id": "way/351686451"
    },
    {
      "type": "Feature",
      "properties": {
        "@id": "way/351686452",
        "highway": "services",
        "@geometry": "center"
      },
      "geometry": {
        "type": "Point",
        "coordinates": [
          -3.9563415,
          42.2507582
        ]
      },
      "id": "way/351686452"
    },
    {
      "type": "Feature",
      "properties": {
        "@id": "way/351686453",
        "highway": "services",
        "name": "Área de Servicio Las Lagunas",
        "@geometry": "center"
      },
      "geometry": {
        "type": "Point",
        "coordinates": [
          -4.2527625,
          42.0509419
        ]
      },
      "id": "way/351686453"
    },
    {
      "type": "Feature",
      "properties": {
        "@id": "way/351686454",
        "highway": "services",
        "name": "Área de Servicio Suco",
        "@geometry": "center"
      },
      "geometry": {
        "type": "Point",
        "coordinates": [
          -4.2103128,
          42.0771477
        ]
      },
      "id": "way/351686454"
    },
    {
      "type": "Feature",
      "properties": {
        "@id": "way/351686877",
        "highway": "services",
        "name": "Área de Servicio Río Cavia",
        "@geometry": "center"
      },
      "geometry": {
        "type": "Point",
        "coordinates": [
          -3.847689,
          42.2944118
        ]
      },
      "id": "way/351686877"
    },
    {
      "type": "Feature",
      "properties": {
        "@id": "way/351688632",
        "highway": "services",
        "toilets": "yes",
        "@geometry": "center"
      },
      "geometry": {
        "type": "Point",
        "coordinates": [
          -4.0803993,
          42.1586475
        ]
      },
      "id": "way/351688632"
    },
    {
      "type": "Feature",
      "properties": {
        "@id": "way/351690709",
        "highway": "services",
        "@geometry": "center"
      },
      "geometry": {
        "type": "Point",
        "coordinates": [
          -4.2812653,
          42.0361922
        ]
      },
      "id": "way/351690709"
    },
    {
      "type": "Feature",
      "properties": {
        "@id": "way/351695373",
        "highway": "services",
        "@geometry": "center"
      },
      "geometry": {
        "type": "Point",
        "coordinates": [
          -3.6033612,
          40.875535
        ]
      },
      "id": "way/351695373"
    },
    {
      "type": "Feature",
      "properties": {
        "@id": "way/351695374",
        "highway": "services",
        "@geometry": "center"
      },
      "geometry": {
        "type": "Point",
        "coordinates": [
          -3.5948956,
          41.0962677
        ]
      },
      "id": "way/351695374"
    },
    {
      "type": "Feature",
      "properties": {
        "@id": "way/351695375",
        "highway": "services",
        "@geometry": "center"
      },
      "geometry": {
        "type": "Point",
        "coordinates": [
          -3.6100153,
          40.9066711
        ]
      },
      "id": "way/351695375"
    },
    {
      "type": "Feature",
      "properties": {
        "@id": "way/351695376",
        "highway": "services",
        "@geometry": "center"
      },
      "geometry": {
        "type": "Point",
        "coordinates": [
          -3.6075299,
          40.9053667
        ]
      },
      "id": "way/351695376"
    },
    {
      "type": "Feature",
      "properties": {
        "@id": "way/351695377",
        "highway": "services",
        "@geometry": "center"
      },
      "geometry": {
        "type": "Point",
        "coordinates": [
          -3.5789307,
          40.7163085
        ]
      },
      "id": "way/351695377"
    },
    {
      "type": "Feature",
      "properties": {
        "@id": "way/351695476",
        "highway": "services",
        "name": "Área de servicio Boceguillas",
        "@geometry": "center"
      },
      "geometry": {
        "type": "Point",
        "coordinates": [
          -3.6330653,
          41.32645
        ]
      },
      "id": "way/351695476"
    },
    {
      "type": "Feature",
      "properties": {
        "@id": "way/351695477",
        "highway": "services",
        "name": "Control De Pesaje Castillejo",
        "@geometry": "center"
      },
      "geometry": {
        "type": "Point",
        "coordinates": [
          -3.6066465,
          41.3025225
        ]
      },
      "id": "way/351695477"
    },
    {
      "type": "Feature",
      "properties": {
        "@id": "way/351695478",
        "highway": "services",
        "name": "Buquerín",
        "@geometry": "center"
      },
      "geometry": {
        "type": "Point",
        "coordinates": [
          -3.5957983,
          41.2588482
        ]
      },
      "id": "way/351695478"
    },
    {
      "type": "Feature",
      "properties": {
        "@id": "way/351695479",
        "highway": "services",
        "name": "Área de Servicio El Soto",
        "@geometry": "center"
      },
      "geometry": {
        "type": "Point",
        "coordinates": [
          -3.5909515,
          41.2594223
        ]
      },
      "id": "way/351695479"
    },
    {
      "type": "Feature",
      "properties": {
        "@id": "way/351706639",
        "highway": "services",
        "name": "Area Los Potros",
        "@geometry": "center"
      },
      "geometry": {
        "type": "Point",
        "coordinates": [
          -5.4415022,
          37.5048237
        ]
      },
      "id": "way/351706639"
    },
    {
      "type": "Feature",
      "properties": {
        "@id": "way/351848851",
        "highway": "services",
        "name": "Àrea de Servei de Montblanc",
        "toilets": "yes",
        "@geometry": "center"
      },
      "geometry": {
        "type": "Point",
        "coordinates": [
          1.1895289,
          41.3883719
        ]
      },
      "id": "way/351848851"
    },
    {
      "type": "Feature",
      "properties": {
        "@id": "way/351848852",
        "highway": "services",
        "name": "Àrea de Servei de Montblanc",
        "toilets": "yes",
        "@geometry": "center"
      },
      "geometry": {
        "type": "Point",
        "coordinates": [
          1.1895434,
          41.3868783
        ]
      },
      "id": "way/351848852"
    },
    {
      "type": "Feature",
      "properties": {
        "@id": "way/352685352",
        "highway": "services",
        "@geometry": "center"
      },
      "geometry": {
        "type": "Point",
        "coordinates": [
          -3.3499766,
          40.2494939
        ]
      },
      "id": "way/352685352"
    },
    {
      "type": "Feature",
      "properties": {
        "@id": "way/352887346",
        "changing_table": "yes",
        "changing_table:location": "unisex_toilet",
        "highway": "services",
        "name": "La Selva",
        "name:ca": "La Selva",
        "operator:-2024": "Cepsa",
        "toilets": "yes",
        "toilets:wheelchair": "yes",
        "@geometry": "center"
      },
      "geometry": {
        "type": "Point",
        "coordinates": [
          2.7395761,
          41.7747848
        ]
      },
      "id": "way/352887346"
    },
    {
      "type": "Feature",
      "properties": {
        "@id": "way/352887347",
        "highway": "services",
        "name": "La Selva",
        "name:ca": "La Selva",
        "operator": "Repsol",
        "toilets": "yes",
        "@geometry": "center"
      },
      "geometry": {
        "type": "Point",
        "coordinates": [
          2.7403372,
          41.7730265
        ]
      },
      "id": "way/352887347"
    },
    {
      "type": "Feature",
      "properties": {
        "@id": "way/355569509",
        "highway": "services",
        "@geometry": "center"
      },
      "geometry": {
        "type": "Point",
        "coordinates": [
          1.8813536,
          41.7730473
        ]
      },
      "id": "way/355569509"
    },
    {
      "type": "Feature",
      "properties": {
        "@id": "way/359364886",
        "access": "yes",
        "amenity": "parking",
        "fee": "no",
        "highway": "services",
        "parking": "surface",
        "surface": "asphalt",
        "toilets": "no",
        "@geometry": "center"
      },
      "geometry": {
        "type": "Point",
        "coordinates": [
          -4.0175013,
          40.8233771
        ]
      },
      "id": "way/359364886"
    },
    {
      "type": "Feature",
      "properties": {
        "@id": "way/359634478",
        "highway": "services",
        "@geometry": "center"
      },
      "geometry": {
        "type": "Point",
        "coordinates": [
          -4.6810018,
          37.9405302
        ]
      },
      "id": "way/359634478"
    },
    {
      "type": "Feature",
      "properties": {
        "@id": "way/360153495",
        "highway": "services",
        "name": "Vertedero Vegetal",
        "@geometry": "center"
      },
      "geometry": {
        "type": "Point",
        "coordinates": [
          -4.6783779,
          37.9539581
        ]
      },
      "id": "way/360153495"
    },
    {
      "type": "Feature",
      "properties": {
        "@id": "node/361586448",
        "addr:city": "Malpartida de Plasencia",
        "addr:milestone": "Km. 494",
        "addr:postcode": "10680",
        "addr:street": "Autovía A-66",
        "exit:road_ref": "A-66",
        "highway": "services",
        "name": "E.S. Vía de la Plata",
        "operator": "Repsol",
        "toilets": "yes"
      },
      "geometry": {
        "type": "Point",
        "coordinates": [
          -6.2762044,
          39.882983
        ]
      },
      "id": "node/361586448"
    },
    {
      "type": "Feature",
      "properties": {
        "@id": "way/361919372",
        "highway": "services",
        "@geometry": "center"
      },
      "geometry": {
        "type": "Point",
        "coordinates": [
          -2.1562742,
          39.4842131
        ]
      },
      "id": "way/361919372"
    },
    {
      "type": "Feature",
      "properties": {
        "@id": "way/362044079",
        "highway": "services",
        "@geometry": "center"
      },
      "geometry": {
        "type": "Point",
        "coordinates": [
          -2.2801434,
          39.5963561
        ]
      },
      "id": "way/362044079"
    },
    {
      "type": "Feature",
      "properties": {
        "@id": "way/363024769",
        "highway": "services",
        "operator": "ServiOil",
        "@geometry": "center"
      },
      "geometry": {
        "type": "Point",
        "coordinates": [
          3.1540256,
          41.9236619
        ]
      },
      "id": "way/363024769"
    },
    {
      "type": "Feature",
      "properties": {
        "@id": "way/363460974",
        "highway": "services",
        "@geometry": "center"
      },
      "geometry": {
        "type": "Point",
        "coordinates": [
          0.655361,
          41.6137568
        ]
      },
      "id": "way/363460974"
    },
    {
      "type": "Feature",
      "properties": {
        "@id": "way/369091497",
        "highway": "services",
        "name": "Área de servicio de la CM-42",
        "@geometry": "center"
      },
      "geometry": {
        "type": "Point",
        "coordinates": [
          -3.2729831,
          39.394664
        ]
      },
      "id": "way/369091497"
    },
    {
      "type": "Feature",
      "properties": {
        "@id": "way/369091499",
        "highway": "services",
        "name": "Área de servicio de la CM-42",
        "@geometry": "center"
      },
      "geometry": {
        "type": "Point",
        "coordinates": [
          -3.2732082,
          39.39564
        ]
      },
      "id": "way/369091499"
    },
    {
      "type": "Feature",
      "properties": {
        "@id": "way/369094182",
        "highway": "services",
        "@geometry": "center"
      },
      "geometry": {
        "type": "Point",
        "coordinates": [
          -3.7115878,
          39.5962045
        ]
      },
      "id": "way/369094182"
    },
    {
      "type": "Feature",
      "properties": {
        "@id": "way/369094186",
        "highway": "services",
        "name": "Área de servicio de la CM-42",
        "@geometry": "center"
      },
      "geometry": {
        "type": "Point",
        "coordinates": [
          -3.5841722,
          39.4768347
        ]
      },
      "id": "way/369094186"
    },
    {
      "type": "Feature",
      "properties": {
        "@id": "way/369094187",
        "highway": "services",
        "name": "Área de servicio de la CM-42",
        "@geometry": "center"
      },
      "geometry": {
        "type": "Point",
        "coordinates": [
          -3.5841819,
          39.4759011
        ]
      },
      "id": "way/369094187"
    },
    {
      "type": "Feature",
      "properties": {
        "@id": "way/369097659",
        "highway": "services",
        "name": "Área de servicio de la CM-42",
        "@geometry": "center"
      },
      "geometry": {
        "type": "Point",
        "coordinates": [
          -3.835529,
          39.69305
        ]
      },
      "id": "way/369097659"
    },
    {
      "type": "Feature",
      "properties": {
        "@id": "way/369097660",
        "highway": "services",
        "name": "Área de servicio de la CM-42",
        "@geometry": "center"
      },
      "geometry": {
        "type": "Point",
        "coordinates": [
          -3.8328431,
          39.691716
        ]
      },
      "id": "way/369097660"
    },
    {
      "type": "Feature",
      "properties": {
        "@id": "way/369548375",
        "highway": "services",
        "@geometry": "center"
      },
      "geometry": {
        "type": "Point",
        "coordinates": [
          -3.9837881,
          39.959462
        ]
      },
      "id": "way/369548375"
    },
    {
      "type": "Feature",
      "properties": {
        "@id": "way/369548376",
        "highway": "services",
        "@geometry": "center"
      },
      "geometry": {
        "type": "Point",
        "coordinates": [
          -3.9850701,
          39.9587494
        ]
      },
      "id": "way/369548376"
    },
    {
      "type": "Feature",
      "properties": {
        "@id": "way/370539926",
        "highway": "services",
        "@geometry": "center"
      },
      "geometry": {
        "type": "Point",
        "coordinates": [
          -3.4486533,
          39.9407833
        ]
      },
      "id": "way/370539926"
    },
    {
      "type": "Feature",
      "properties": {
        "@id": "way/370541953",
        "highway": "services",
        "@geometry": "center"
      },
      "geometry": {
        "type": "Point",
        "coordinates": [
          -3.6460092,
          40.1050781
        ]
      },
      "id": "way/370541953"
    },
    {
      "type": "Feature",
      "properties": {
        "@id": "way/370541961",
        "highway": "services",
        "@geometry": "center"
      },
      "geometry": {
        "type": "Point",
        "coordinates": [
          -3.6455438,
          40.1044994
        ]
      },
      "id": "way/370541961"
    },
    {
      "type": "Feature",
      "properties": {
        "@id": "node/370873440",
        "exit:road_ref": "AP-7",
        "highway": "services",
        "name": "Àrea de Servei La Jonquera / Porta Catalana"
      },
      "geometry": {
        "type": "Point",
        "coordinates": [
          2.8715328,
          42.4065401
        ]
      },
      "id": "node/370873440"
    },
    {
      "type": "Feature",
      "properties": {
        "@id": "way/371285687",
        "highway": "services",
        "toilets": "yes",
        "@geometry": "center"
      },
      "geometry": {
        "type": "Point",
        "coordinates": [
          -1.7778268,
          42.7108082
        ]
      },
      "id": "way/371285687"
    },
    {
      "type": "Feature",
      "properties": {
        "@id": "way/371285688",
        "highway": "services",
        "toilets": "yes",
        "@geometry": "center"
      },
      "geometry": {
        "type": "Point",
        "coordinates": [
          -1.7768867,
          42.7109067
        ]
      },
      "id": "way/371285688"
    },
    {
      "type": "Feature",
      "properties": {
        "@id": "way/371720803",
        "addr:city": "Málaga",
        "addr:housenumber": "2",
        "addr:place": "Plaza Cruz de Humilladero",
        "amenity": "fuel",
        "brand": "Repsol",
        "brand:wikidata": "Q174747",
        "brand:wikipedia": "es:Repsol",
        "fuel:GTL_diesel": "yes",
        "fuel:diesel": "yes",
        "fuel:octane_95": "yes",
        "fuel:octane_98": "yes",
        "highway": "services",
        "name": "Repsol",
        "opening_hours": "24/7",
        "operator": "Repsol",
        "source": "Ministerio de Industria, Turismo y Comercio",
        "source:date": "2010-07-29",
        "@geometry": "center"
      },
      "geometry": {
        "type": "Point",
        "coordinates": [
          -4.4404769,
          36.7116994
        ]
      },
      "id": "way/371720803"
    },
    {
      "type": "Feature",
      "properties": {
        "@id": "way/371756444",
        "highway": "services",
        "@geometry": "center"
      },
      "geometry": {
        "type": "Point",
        "coordinates": [
          -6.2368221,
          36.5241372
        ]
      },
      "id": "way/371756444"
    },
    {
      "type": "Feature",
      "properties": {
        "@id": "way/374485590",
        "highway": "services",
        "@geometry": "center"
      },
      "geometry": {
        "type": "Point",
        "coordinates": [
          -8.5917772,
          43.250463
        ]
      },
      "id": "way/374485590"
    },
    {
      "type": "Feature",
      "properties": {
        "@id": "way/375159292",
        "highway": "services",
        "@geometry": "center"
      },
      "geometry": {
        "type": "Point",
        "coordinates": [
          -7.7865357,
          43.0299474
        ]
      },
      "id": "way/375159292"
    },
    {
      "type": "Feature",
      "properties": {
        "@id": "way/375346738",
        "highway": "services",
        "@geometry": "center"
      },
      "geometry": {
        "type": "Point",
        "coordinates": [
          -8.1116187,
          42.6549892
        ]
      },
      "id": "way/375346738"
    },
    {
      "type": "Feature",
      "properties": {
        "@id": "way/378951810",
        "highway": "services",
        "toilets": "yes",
        "@geometry": "center"
      },
      "geometry": {
        "type": "Point",
        "coordinates": [
          -1.0076087,
          37.6531693
        ]
      },
      "id": "way/378951810"
    },
    {
      "type": "Feature",
      "properties": {
        "@id": "node/382640385",
        "highway": "services",
        "name": "Portal del Vallès",
        "toilets": "yes"
      },
      "geometry": {
        "type": "Point",
        "coordinates": [
          2.1667677,
          41.4694828
        ]
      },
      "id": "node/382640385"
    },
    {
      "type": "Feature",
      "properties": {
        "@id": "node/386020933",
        "car_wash": "yes",
        "highway": "services",
        "operator": "IBERDOEX"
      },
      "geometry": {
        "type": "Point",
        "coordinates": [
          -6.6765028,
          40.1730621
        ]
      },
      "id": "node/386020933"
    },
    {
      "type": "Feature",
      "properties": {
        "@id": "way/389451210",
        "highway": "services",
        "name": "La Loba Área de Servicio",
        "opening_hours": "00:00-24:00",
        "@geometry": "center"
      },
      "geometry": {
        "type": "Point",
        "coordinates": [
          -4.9791638,
          41.4410481
        ]
      },
      "id": "way/389451210"
    },
    {
      "type": "Feature",
      "properties": {
        "@id": "way/390287539",
        "highway": "services",
        "name": "Área de Servicio Tudanca",
        "@geometry": "center"
      },
      "geometry": {
        "type": "Point",
        "coordinates": [
          -5.683721,
          42.0523372
        ]
      },
      "id": "way/390287539"
    },
    {
      "type": "Feature",
      "properties": {
        "@id": "way/392655657",
        "highway": "services",
        "@geometry": "center"
      },
      "geometry": {
        "type": "Point",
        "coordinates": [
          -0.9636798,
          37.7497803
        ]
      },
      "id": "way/392655657"
    },
    {
      "type": "Feature",
      "properties": {
        "@id": "way/395601865",
        "highway": "services",
        "name": "Area Eurotrack",
        "name:ca": "Àrea Eurotrack",
        "@geometry": "center"
      },
      "geometry": {
        "type": "Point",
        "coordinates": [
          1.2108264,
          41.6668645
        ]
      },
      "id": "way/395601865"
    },
    {
      "type": "Feature",
      "properties": {
        "@id": "way/396659964",
        "highway": "services",
        "name": "Abades Bailén",
        "@geometry": "center"
      },
      "geometry": {
        "type": "Point",
        "coordinates": [
          -3.729087,
          38.1436724
        ]
      },
      "id": "way/396659964"
    },
    {
      "type": "Feature",
      "properties": {
        "@id": "way/398151003",
        "highway": "services",
        "@geometry": "center"
      },
      "geometry": {
        "type": "Point",
        "coordinates": [
          -5.655125,
          40.9435345
        ]
      },
      "id": "way/398151003"
    },
    {
      "type": "Feature",
      "properties": {
        "@id": "way/398210220",
        "highway": "services",
        "name": "O Viaxeiro",
        "toilets": "yes",
        "@geometry": "center"
      },
      "geometry": {
        "type": "Point",
        "coordinates": [
          -7.2848845,
          41.9829237
        ]
      },
      "id": "way/398210220"
    },
    {
      "type": "Feature",
      "properties": {
        "@id": "way/405016032",
        "highway": "services",
        "name": "Abades La Roda",
        "@geometry": "center"
      },
      "geometry": {
        "type": "Point",
        "coordinates": [
          -4.7968995,
          37.1971088
        ]
      },
      "id": "way/405016032"
    },
    {
      "type": "Feature",
      "properties": {
        "@id": "way/405016523",
        "highway": "services",
        "name": "Abades Loja",
        "toilets": "yes",
        "@geometry": "center"
      },
      "geometry": {
        "type": "Point",
        "coordinates": [
          -4.1695196,
          37.1645597
        ]
      },
      "id": "way/405016523"
    },
    {
      "type": "Feature",
      "properties": {
        "@id": "way/405024509",
        "fixme": "add name",
        "highway": "services",
        "@geometry": "center"
      },
      "geometry": {
        "type": "Point",
        "coordinates": [
          -4.8305695,
          36.5189897
        ]
      },
      "id": "way/405024509"
    },
    {
      "type": "Feature",
      "properties": {
        "@id": "way/405024511",
        "fixme": "add name, opening hours etc.",
        "highway": "services",
        "@geometry": "center"
      },
      "geometry": {
        "type": "Point",
        "coordinates": [
          -4.8306607,
          36.5177517
        ]
      },
      "id": "way/405024511"
    },
    {
      "type": "Feature",
      "properties": {
        "@id": "way/405025686",
        "highway": "services",
        "shower": "no",
        "toilets": "yes",
        "@geometry": "center"
      },
      "geometry": {
        "type": "Point",
        "coordinates": [
          -6.0430422,
          36.7810844
        ]
      },
      "id": "way/405025686"
    },
    {
      "type": "Feature",
      "properties": {
        "@id": "way/411012435",
        "highway": "services",
        "@geometry": "center"
      },
      "geometry": {
        "type": "Point",
        "coordinates": [
          1.3989491,
          41.6174726
        ]
      },
      "id": "way/411012435"
    },
    {
      "type": "Feature",
      "properties": {
        "@id": "way/412013082",
        "highway": "services",
        "@geometry": "center"
      },
      "geometry": {
        "type": "Point",
        "coordinates": [
          -1.0684161,
          37.7679458
        ]
      },
      "id": "way/412013082"
    },
    {
      "type": "Feature",
      "properties": {
        "@id": "node/412285748",
        "addr:city": "Jaraicejo",
        "addr:milestone": "Km. 219",
        "addr:postcode": "10380",
        "addr:street": "Autovía A-5",
        "exit:road_ref": "A-5",
        "highway": "services",
        "name": "La Ventilla del Camionero",
        "operator": "Repsol",
        "toilets": "yes"
      },
      "geometry": {
        "type": "Point",
        "coordinates": [
          -5.7198897,
          39.6878947
        ]
      },
      "id": "node/412285748"
    },
    {
      "type": "Feature",
      "properties": {
        "@id": "node/412295090",
        "highway": "services",
        "operator:-2024": "Cepsa"
      },
      "geometry": {
        "type": "Point",
        "coordinates": [
          -5.8357135,
          39.5185187
        ]
      },
      "id": "node/412295090"
    },
    {
      "type": "Feature",
      "properties": {
        "@id": "way/414382859",
        "highway": "services",
        "shower": "no",
        "toilets": "yes",
        "@geometry": "center"
      },
      "geometry": {
        "type": "Point",
        "coordinates": [
          -6.0441827,
          36.7815527
        ]
      },
      "id": "way/414382859"
    },
    {
      "type": "Feature",
      "properties": {
        "@id": "way/414596000",
        "highway": "services",
        "name": "Área de Servicio de Pina",
        "source:geometry": "Bing",
        "toilets": "yes",
        "@geometry": "center"
      },
      "geometry": {
        "type": "Point",
        "coordinates": [
          -0.3965589,
          41.5250497
        ]
      },
      "id": "way/414596000"
    },
    {
      "type": "Feature",
      "properties": {
        "@id": "way/414604744",
        "highway": "services",
        "name": "Área de servicio de Fraga",
        "source:geometry": "Bing",
        "toilets": "yes",
        "@geometry": "center"
      },
      "geometry": {
        "type": "Point",
        "coordinates": [
          0.3961919,
          41.4972193
        ]
      },
      "id": "way/414604744"
    },
    {
      "type": "Feature",
      "properties": {
        "@id": "way/417601837",
        "highway": "services",
        "name": "A. S. Ameixeira",
        "@geometry": "center"
      },
      "geometry": {
        "type": "Point",
        "coordinates": [
          -8.351,
          43.097704
        ]
      },
      "id": "way/417601837"
    },
    {
      "type": "Feature",
      "properties": {
        "@id": "way/417601842",
        "highway": "services",
        "name": "A. S. Ameixeira",
        "@geometry": "center"
      },
      "geometry": {
        "type": "Point",
        "coordinates": [
          -8.3495458,
          43.0994702
        ]
      },
      "id": "way/417601842"
    },
    {
      "type": "Feature",
      "properties": {
        "@id": "way/417601853",
        "highway": "services",
        "name": "Área de Servizo de Compostela",
        "short_name": "A.S. Compostela",
        "@geometry": "center"
      },
      "geometry": {
        "type": "Point",
        "coordinates": [
          -8.5855975,
          42.8104706
        ]
      },
      "id": "way/417601853"
    },
    {
      "type": "Feature",
      "properties": {
        "@id": "way/417601873",
        "highway": "services",
        "lit": "yes",
        "mapillary": "2792723261040641",
        "name": "Área de Servizo do Burgo",
        "survey:date": "2020-03-04",
        "@geometry": "center"
      },
      "geometry": {
        "type": "Point",
        "coordinates": [
          -8.3655038,
          43.3122842
        ]
      },
      "id": "way/417601873"
    },
    {
      "type": "Feature",
      "properties": {
        "@id": "way/417601900",
        "highway": "services",
        "name": "A. S. O Salnés",
        "@geometry": "center"
      },
      "geometry": {
        "type": "Point",
        "coordinates": [
          -8.672885,
          42.5622697
        ]
      },
      "id": "way/417601900"
    },
    {
      "type": "Feature",
      "properties": {
        "@id": "way/417601941",
        "highway": "services",
        "name": "A. S. San Simón",
        "toilets": "yes",
        "@geometry": "center"
      },
      "geometry": {
        "type": "Point",
        "coordinates": [
          -8.6618193,
          42.3169903
        ]
      },
      "id": "way/417601941"
    },
    {
      "type": "Feature",
      "properties": {
        "@id": "way/417602024",
        "highway": "services",
        "@geometry": "center"
      },
      "geometry": {
        "type": "Point",
        "coordinates": [
          -8.6511579,
          42.6457427
        ]
      },
      "id": "way/417602024"
    },
    {
      "type": "Feature",
      "properties": {
        "@id": "way/417870920",
        "highway": "services",
        "name": "Área de Servicio El Picazo",
        "toilets": "yes",
        "@geometry": "center"
      },
      "geometry": {
        "type": "Point",
        "coordinates": [
          -2.15854,
          39.484296
        ]
      },
      "id": "way/417870920"
    },
    {
      "type": "Feature",
      "properties": {
        "@id": "way/418296695",
        "highway": "services",
        "@geometry": "center"
      },
      "geometry": {
        "type": "Point",
        "coordinates": [
          -3.9288191,
          37.1815657
        ]
      },
      "id": "way/418296695"
    },
    {
      "type": "Feature",
      "properties": {
        "@id": "way/419847890",
        "highway": "services",
        "toilets": "yes",
        "@geometry": "center"
      },
      "geometry": {
        "type": "Point",
        "coordinates": [
          -2.2531918,
          39.5364241
        ]
      },
      "id": "way/419847890"
    },
    {
      "type": "Feature",
      "properties": {
        "@id": "way/421000136",
        "highway": "services",
        "name": "Peaje de Marcilla",
        "toilets": "yes",
        "@geometry": "center"
      },
      "geometry": {
        "type": "Point",
        "coordinates": [
          -1.726173,
          42.3311149
        ]
      },
      "id": "way/421000136"
    },
    {
      "type": "Feature",
      "properties": {
        "@id": "way/421123434",
        "highway": "services",
        "@geometry": "center"
      },
      "geometry": {
        "type": "Point",
        "coordinates": [
          -1.1245095,
          41.7774247
        ]
      },
      "id": "way/421123434"
    },
    {
      "type": "Feature",
      "properties": {
        "@id": "way/421448339",
        "highway": "services",
        "name": "Área de Servicio Canuhe",
        "operator": "Respol",
        "@geometry": "center"
      },
      "geometry": {
        "type": "Point",
        "coordinates": [
          -0.6671084,
          41.9918681
        ]
      },
      "id": "way/421448339"
    },
    {
      "type": "Feature",
      "properties": {
        "@id": "way/421768647",
        "highway": "services",
        "@geometry": "center"
      },
      "geometry": {
        "type": "Point",
        "coordinates": [
          -4.8772842,
          37.3030565
        ]
      },
      "id": "way/421768647"
    },
    {
      "type": "Feature",
      "properties": {
        "@id": "way/422084349",
        "highway": "services",
        "name": "Área De Descanso La Safor",
        "shower": "no",
        "toilets": "yes",
        "@geometry": "center"
      },
      "geometry": {
        "type": "Point",
        "coordinates": [
          -0.2285027,
          39.0418484
        ]
      },
      "id": "way/422084349"
    },
    {
      "type": "Feature",
      "properties": {
        "@id": "way/422084350",
        "highway": "services",
        "name": "Área De Descanso La Safor",
        "toilets": "yes",
        "@geometry": "center"
      },
      "geometry": {
        "type": "Point",
        "coordinates": [
          -0.2268188,
          39.0402892
        ]
      },
      "id": "way/422084350"
    },
    {
      "type": "Feature",
      "properties": {
        "@id": "way/422163125",
        "highway": "services",
        "@geometry": "center"
      },
      "geometry": {
        "type": "Point",
        "coordinates": [
          1.5283656,
          41.9944867
        ]
      },
      "id": "way/422163125"
    },
    {
      "type": "Feature",
      "properties": {
        "@id": "way/422342569",
        "highway": "services",
        "@geometry": "center"
      },
      "geometry": {
        "type": "Point",
        "coordinates": [
          -0.8107117,
          38.4849114
        ]
      },
      "id": "way/422342569"
    },
    {
      "type": "Feature",
      "properties": {
        "@id": "way/425794755",
        "brand": "BP",
        "highway": "services",
        "@geometry": "center"
      },
      "geometry": {
        "type": "Point",
        "coordinates": [
          -3.9929346,
          40.625386
        ]
      },
      "id": "way/425794755"
    },
    {
      "type": "Feature",
      "properties": {
        "@id": "way/429689199",
        "highway": "services",
        "name": "Área de servicio Olaona",
        "@geometry": "center"
      },
      "geometry": {
        "type": "Point",
        "coordinates": [
          -2.5189071,
          42.8784623
        ]
      },
      "id": "way/429689199"
    },
    {
      "type": "Feature",
      "properties": {
        "@id": "way/429718599",
        "highway": "services",
        "name": "Área de servicio de Igay",
        "@geometry": "center"
      },
      "geometry": {
        "type": "Point",
        "coordinates": [
          -2.9133604,
          42.7423723
        ]
      },
      "id": "way/429718599"
    },
    {
      "type": "Feature",
      "properties": {
        "@id": "way/429900725",
        "highway": "services",
        "@geometry": "center"
      },
      "geometry": {
        "type": "Point",
        "coordinates": [
          -1.5309345,
          41.986605
        ]
      },
      "id": "way/429900725"
    },
    {
      "type": "Feature",
      "properties": {
        "@id": "way/430056109",
        "highway": "services",
        "name": "Àrea de Servei La Marina",
        "name:ca": "Àrea de Servei La Marina",
        "name:es": "Área de Servicio La Marina",
        "@geometry": "center"
      },
      "geometry": {
        "type": "Point",
        "coordinates": [
          -0.2051735,
          38.5346855
        ]
      },
      "id": "way/430056109"
    },
    {
      "type": "Feature",
      "properties": {
        "@id": "way/431589404",
        "highway": "services",
        "name": "Àrea de servei de Lleida",
        "name:ca": "Àrea de servei Lleida",
        "name:es": "Área de servicio de Lleida",
        "opening_hours": "24/7",
        "toilets": "yes",
        "@geometry": "center"
      },
      "geometry": {
        "type": "Point",
        "coordinates": [
          0.63841,
          41.5425818
        ]
      },
      "id": "way/431589404"
    },
    {
      "type": "Feature",
      "properties": {
        "@id": "way/436865095",
        "description": "Fuel Petrol Cafeteria Motel",
        "highway": "services",
        "name": "El Mirador",
        "@geometry": "center"
      },
      "geometry": {
        "type": "Point",
        "coordinates": [
          -4.0944437,
          43.3559492
        ]
      },
      "id": "way/436865095"
    },
    {
      "type": "Feature",
      "properties": {
        "@id": "way/442282983",
        "highway": "services",
        "@geometry": "center"
      },
      "geometry": {
        "type": "Point",
        "coordinates": [
          -4.0044783,
          40.6260081
        ]
      },
      "id": "way/442282983"
    },
    {
      "type": "Feature",
      "properties": {
        "@id": "way/442322814",
        "highway": "services",
        "toilets": "yes",
        "@geometry": "center"
      },
      "geometry": {
        "type": "Point",
        "coordinates": [
          -4.0080229,
          40.6486978
        ]
      },
      "id": "way/442322814"
    },
    {
      "type": "Feature",
      "properties": {
        "@id": "way/442322822",
        "brand": "Galp",
        "highway": "services",
        "name": "Esvisa II",
        "opening_hours": "24/7",
        "operator": "BP",
        "toilets": "yes",
        "@geometry": "center"
      },
      "geometry": {
        "type": "Point",
        "coordinates": [
          -3.995272,
          40.6288343
        ]
      },
      "id": "way/442322822"
    },
    {
      "type": "Feature",
      "properties": {
        "@id": "way/446130156",
        "highway": "services",
        "@geometry": "center"
      },
      "geometry": {
        "type": "Point",
        "coordinates": [
          -0.3971033,
          42.435039
        ]
      },
      "id": "way/446130156"
    },
    {
      "type": "Feature",
      "properties": {
        "@id": "way/449454772",
        "highway": "services",
        "name": "Area de servicio Elche",
        "name:ca": "Àrea de Servei d'Elx",
        "name:es": "Area de servicio Elche",
        "@geometry": "center"
      },
      "geometry": {
        "type": "Point",
        "coordinates": [
          -0.6065601,
          38.3081872
        ]
      },
      "id": "way/449454772"
    },
    {
      "type": "Feature",
      "properties": {
        "@id": "way/449454773",
        "highway": "services",
        "name": "Area de servicio Elche",
        "name:ca": "Àrea de Servei d'Elx",
        "name:es": "Area de servicio Elche",
        "@geometry": "center"
      },
      "geometry": {
        "type": "Point",
        "coordinates": [
          -0.6052055,
          38.3096553
        ]
      },
      "id": "way/449454773"
    },
    {
      "type": "Feature",
      "properties": {
        "@id": "way/449605168",
        "addr:city": "Torija",
        "addr:postcode": "19190",
        "addr:street": "Autovía del Nordeste Km. 70,5",
        "highway": "services",
        "@geometry": "center"
      },
      "geometry": {
        "type": "Point",
        "coordinates": [
          -3.0486024,
          40.7289098
        ]
      },
      "id": "way/449605168"
    },
    {
      "type": "Feature",
      "properties": {
        "@id": "way/449605184",
        "highway": "services",
        "@geometry": "center"
      },
      "geometry": {
        "type": "Point",
        "coordinates": [
          -3.0326288,
          40.7478739
        ]
      },
      "id": "way/449605184"
    },
    {
      "type": "Feature",
      "properties": {
        "@id": "way/451797613",
        "highway": "services",
        "@geometry": "center"
      },
      "geometry": {
        "type": "Point",
        "coordinates": [
          -4.2136952,
          39.0118806
        ]
      },
      "id": "way/451797613"
    },
    {
      "type": "Feature",
      "properties": {
        "@id": "way/451917961",
        "highway": "services",
        "name": "Andamur",
        "@geometry": "center"
      },
      "geometry": {
        "type": "Point",
        "coordinates": [
          -3.7239845,
          38.1430062
        ]
      },
      "id": "way/451917961"
    },
    {
      "type": "Feature",
      "properties": {
        "@id": "way/451917987",
        "addr:city": "San Roque",
        "addr:postcode": "11369",
        "addr:street": "Autovía A-7 Km.116",
        "highway": "services",
        "name": "Área de Servicio Bernardo Macías",
        "operator": "Área de Servicio Bernardo Macías",
        "@geometry": "center"
      },
      "geometry": {
        "type": "Point",
        "coordinates": [
          -5.4087573,
          36.2079024
        ]
      },
      "id": "way/451917987"
    },
    {
      "type": "Feature",
      "properties": {
        "@id": "way/452465175",
        "highway": "services",
        "name": "Gálibo",
        "@geometry": "center"
      },
      "geometry": {
        "type": "Point",
        "coordinates": [
          -3.0513853,
          43.3183977
        ]
      },
      "id": "way/452465175"
    },
    {
      "type": "Feature",
      "properties": {
        "@id": "way/454766375",
        "highway": "services",
        "@geometry": "center"
      },
      "geometry": {
        "type": "Point",
        "coordinates": [
          -1.6030918,
          42.8181293
        ]
      },
      "id": "way/454766375"
    },
    {
      "type": "Feature",
      "properties": {
        "@id": "way/459152240",
        "highway": "services",
        "toilets": "yes",
        "@geometry": "center"
      },
      "geometry": {
        "type": "Point",
        "coordinates": [
          1.13951,
          42.5770624
        ]
      },
      "id": "way/459152240"
    },
    {
      "type": "Feature",
      "properties": {
        "@id": "way/461580638",
        "addr:housenumber": "96",
        "addr:postcode": "29014",
        "addr:street": "Avenida Santiago Ramón y Cajal",
        "amenity": "fuel",
        "brand": "BP",
        "brand:website": "https://www.bp.com",
        "brand:wikidata": "Q152057",
        "brand:wikipedia": "es:BP",
        "check_date": "2024-08-25",
        "fuel:diesel": "yes",
        "fuel:octane_95": "yes",
        "fuel:octane_98": "yes",
        "highway": "services",
        "name": "BP Ciudad Jardín",
        "opening_hours": "24/7",
        "operator": "BP",
        "payment:cash": "yes",
        "@geometry": "center"
      },
      "geometry": {
        "type": "Point",
        "coordinates": [
          -4.4224843,
          36.743439
        ]
      },
      "id": "way/461580638"
    },
    {
      "type": "Feature",
      "properties": {
        "@id": "way/462931641",
        "addr:housenumber": "163",
        "addr:street": "Avenida Jacinto Benavente",
        "amenity": "fuel",
        "brand": "Repsol",
        "brand:wikidata": "Q174747",
        "brand:wikipedia": "es:Repsol",
        "fuel:GTL_diesel": "yes",
        "fuel:diesel": "yes",
        "fuel:octane_95": "yes",
        "fuel:octane_98": "yes",
        "highway": "services",
        "name": "Repsol",
        "opening_hours": "24/7",
        "operator": "Repsol",
        "source": "Ministerio de Industria, Turismo y Comercio",
        "source:date": "2010-08-06",
        "@geometry": "center"
      },
      "geometry": {
        "type": "Point",
        "coordinates": [
          -4.4256322,
          36.7536905
        ]
      },
      "id": "way/462931641"
    },
    {
      "type": "Feature",
      "properties": {
        "@id": "way/466526857",
        "highway": "services",
        "@geometry": "center"
      },
      "geometry": {
        "type": "Point",
        "coordinates": [
          -0.5281847,
          39.1531656
        ]
      },
      "id": "way/466526857"
    },
    {
      "type": "Feature",
      "properties": {
        "@id": "way/466526864",
        "highway": "services",
        "@geometry": "center"
      },
      "geometry": {
        "type": "Point",
        "coordinates": [
          -0.5284241,
          39.1549416
        ]
      },
      "id": "way/466526864"
    },
    {
      "type": "Feature",
      "properties": {
        "@id": "way/467806370",
        "highway": "services",
        "@geometry": "center"
      },
      "geometry": {
        "type": "Point",
        "coordinates": [
          -3.1187495,
          40.6581169
        ]
      },
      "id": "way/467806370"
    },
    {
      "type": "Feature",
      "properties": {
        "@id": "way/468486209",
        "addr:housenumber": "1",
        "addr:street": "Avenida Santiago Ramón y Cajal",
        "amenity": "fuel",
        "brand": "Repsol",
        "brand:wikidata": "Q174747",
        "brand:wikipedia": "es:Repsol",
        "fuel:GTL_diesel": "yes",
        "fuel:diesel": "yes",
        "fuel:octane_95": "yes",
        "fuel:octane_98": "yes",
        "highway": "services",
        "name": "Repsol",
        "opening_hours": "24/7",
        "operator": "Repsol",
        "source": "Ministerio de Industria, Turismo y Comercio",
        "source:date": "2010-07-29",
        "@geometry": "center"
      },
      "geometry": {
        "type": "Point",
        "coordinates": [
          -4.4245597,
          36.7383604
        ]
      },
      "id": "way/468486209"
    },
    {
      "type": "Feature",
      "properties": {
        "@id": "way/478407320",
        "highway": "services",
        "toilets": "yes",
        "@geometry": "center"
      },
      "geometry": {
        "type": "Point",
        "coordinates": [
          -4.5116466,
          41.9135158
        ]
      },
      "id": "way/478407320"
    },
    {
      "type": "Feature",
      "properties": {
        "@id": "way/478407321",
        "highway": "services",
        "operator": "AC",
        "toilets": "yes",
        "@geometry": "center"
      },
      "geometry": {
        "type": "Point",
        "coordinates": [
          -4.5095708,
          41.9139733
        ]
      },
      "id": "way/478407321"
    },
    {
      "type": "Feature",
      "properties": {
        "@id": "way/479326120",
        "amenity": "restaurant",
        "building": "yes",
        "exit:road_ref": "AP-68",
        "highway": "services",
        "name": "Área de Servicio de Gallur",
        "@geometry": "center"
      },
      "geometry": {
        "type": "Point",
        "coordinates": [
          -1.3198467,
          41.8326741
        ]
      },
      "id": "way/479326120"
    },
    {
      "type": "Feature",
      "properties": {
        "@id": "way/479326121",
        "amenity": "restaurant",
        "building": "yes",
        "exit:road_ref": "AP-68",
        "highway": "services",
        "name": "Área de Servicio de Gallur",
        "@geometry": "center"
      },
      "geometry": {
        "type": "Point",
        "coordinates": [
          -1.3198314,
          41.834753
        ]
      },
      "id": "way/479326121"
    },
    {
      "type": "Feature",
      "properties": {
        "@id": "way/479619138",
        "highway": "services",
        "@geometry": "center"
      },
      "geometry": {
        "type": "Point",
        "coordinates": [
          -1.6599529,
          37.5905327
        ]
      },
      "id": "way/479619138"
    },
    {
      "type": "Feature",
      "properties": {
        "@id": "way/481286169",
        "highway": "services",
        "@geometry": "center"
      },
      "geometry": {
        "type": "Point",
        "coordinates": [
          0.5273196,
          42.6120862
        ]
      },
      "id": "way/481286169"
    },
    {
      "type": "Feature",
      "properties": {
        "@id": "way/482308261",
        "highway": "services",
        "name": "Area de Servicio Despeñaperros",
        "operator": "Galp",
        "toilets": "yes",
        "@geometry": "center"
      },
      "geometry": {
        "type": "Point",
        "coordinates": [
          -3.5454106,
          38.3298686
        ]
      },
      "id": "way/482308261"
    },
    {
      "type": "Feature",
      "properties": {
        "@id": "way/482308262",
        "highway": "services",
        "name": "Area de Servicio Despeñaperros",
        "operator": "Galp",
        "toilets": "yes",
        "@geometry": "center"
      },
      "geometry": {
        "type": "Point",
        "coordinates": [
          -3.5448775,
          38.3293161
        ]
      },
      "id": "way/482308262"
    },
    {
      "type": "Feature",
      "properties": {
        "@id": "way/482511901",
        "highway": "services",
        "@geometry": "center"
      },
      "geometry": {
        "type": "Point",
        "coordinates": [
          -4.8413705,
          41.2224576
        ]
      },
      "id": "way/482511901"
    },
    {
      "type": "Feature",
      "properties": {
        "@id": "way/482532902",
        "highway": "services",
        "name": "Area de Servicio La Chimenea",
        "@geometry": "center"
      },
      "geometry": {
        "type": "Point",
        "coordinates": [
          -3.5169072,
          39.6507033
        ]
      },
      "id": "way/482532902"
    },
    {
      "type": "Feature",
      "properties": {
        "@id": "way/482721767",
        "highway": "services",
        "name": "Àrea de Servei Torrent - Picassent",
        "@geometry": "center"
      },
      "geometry": {
        "type": "Point",
        "coordinates": [
          -0.4927993,
          39.400158
        ]
      },
      "id": "way/482721767"
    },
    {
      "type": "Feature",
      "properties": {
        "@id": "way/482721768",
        "highway": "services",
        "name": "Àrea de Servei Torrent - Picassent",
        "@geometry": "center"
      },
      "geometry": {
        "type": "Point",
        "coordinates": [
          -0.4919069,
          39.4009533
        ]
      },
      "id": "way/482721768"
    },
    {
      "type": "Feature",
      "properties": {
        "@id": "way/482732766",
        "highway": "services",
        "@geometry": "center"
      },
      "geometry": {
        "type": "Point",
        "coordinates": [
          -0.1813097,
          39.7966744
        ]
      },
      "id": "way/482732766"
    },
    {
      "type": "Feature",
      "properties": {
        "@id": "way/482733058",
        "highway": "services",
        "name": "Àrea de Servei La Ribera",
        "name:ca": "Àrea de Servei La Ribera",
        "name:es": "Área de Servicio La Ribera",
        "toilets": "yes",
        "@geometry": "center"
      },
      "geometry": {
        "type": "Point",
        "coordinates": [
          0.1408201,
          40.1326342
        ]
      },
      "id": "way/482733058"
    },
    {
      "type": "Feature",
      "properties": {
        "@id": "way/482757704",
        "highway": "services",
        "@geometry": "center"
      },
      "geometry": {
        "type": "Point",
        "coordinates": [
          -2.162134,
          39.4857856
        ]
      },
      "id": "way/482757704"
    },
    {
      "type": "Feature",
      "properties": {
        "@id": "way/482758054",
        "highway": "services",
        "@geometry": "center"
      },
      "geometry": {
        "type": "Point",
        "coordinates": [
          -1.4364524,
          39.5260783
        ]
      },
      "id": "way/482758054"
    },
    {
      "type": "Feature",
      "properties": {
        "@id": "way/482758281",
        "highway": "services",
        "name": "Área 270",
        "@geometry": "center"
      },
      "geometry": {
        "type": "Point",
        "coordinates": [
          -1.2718633,
          39.5523669
        ]
      },
      "id": "way/482758281"
    },
    {
      "type": "Feature",
      "properties": {
        "@id": "way/482758378",
        "highway": "services",
        "@geometry": "center"
      },
      "geometry": {
        "type": "Point",
        "coordinates": [
          -1.3118614,
          39.5391994
        ]
      },
      "id": "way/482758378"
    },
    {
      "type": "Feature",
      "properties": {
        "@id": "way/482759440",
        "highway": "services",
        "@geometry": "center"
      },
      "geometry": {
        "type": "Point",
        "coordinates": [
          -2.4089854,
          39.3949503
        ]
      },
      "id": "way/482759440"
    },
    {
      "type": "Feature",
      "properties": {
        "@id": "way/482759441",
        "highway": "services",
        "@geometry": "center"
      },
      "geometry": {
        "type": "Point",
        "coordinates": [
          -2.4080118,
          39.3941357
        ]
      },
      "id": "way/482759441"
    },
    {
      "type": "Feature",
      "properties": {
        "@id": "way/482925151",
        "highway": "services",
        "@geometry": "center"
      },
      "geometry": {
        "type": "Point",
        "coordinates": [
          -0.5895525,
          39.4758092
        ]
      },
      "id": "way/482925151"
    },
    {
      "type": "Feature",
      "properties": {
        "@id": "way/482926333",
        "highway": "services",
        "@geometry": "center"
      },
      "geometry": {
        "type": "Point",
        "coordinates": [
          -0.6124053,
          39.4748338
        ]
      },
      "id": "way/482926333"
    },
    {
      "type": "Feature",
      "properties": {
        "@id": "way/482926599",
        "highway": "services",
        "@geometry": "center"
      },
      "geometry": {
        "type": "Point",
        "coordinates": [
          -0.7551227,
          39.4449873
        ]
      },
      "id": "way/482926599"
    },
    {
      "type": "Feature",
      "properties": {
        "@id": "way/482926935",
        "highway": "services",
        "@geometry": "center"
      },
      "geometry": {
        "type": "Point",
        "coordinates": [
          -0.9048706,
          39.4558385
        ]
      },
      "id": "way/482926935"
    },
    {
      "type": "Feature",
      "properties": {
        "@id": "way/482928034",
        "highway": "services",
        "name": "Área de Servicio Las Moratillas",
        "@geometry": "center"
      },
      "geometry": {
        "type": "Point",
        "coordinates": [
          -0.9302185,
          39.4504513
        ]
      },
      "id": "way/482928034"
    },
    {
      "type": "Feature",
      "properties": {
        "@id": "way/482929698",
        "highway": "services",
        "@geometry": "center"
      },
      "geometry": {
        "type": "Point",
        "coordinates": [
          -1.1655313,
          39.530608
        ]
      },
      "id": "way/482929698"
    },
    {
      "type": "Feature",
      "properties": {
        "@id": "way/482930342",
        "highway": "services",
        "@geometry": "center"
      },
      "geometry": {
        "type": "Point",
        "coordinates": [
          -1.4333229,
          39.5291829
        ]
      },
      "id": "way/482930342"
    },
    {
      "type": "Feature",
      "properties": {
        "@id": "way/482930998",
        "highway": "services",
        "@geometry": "center"
      },
      "geometry": {
        "type": "Point",
        "coordinates": [
          -1.7540251,
          39.5166705
        ]
      },
      "id": "way/482930998"
    },
    {
      "type": "Feature",
      "properties": {
        "@id": "way/482931001",
        "highway": "services",
        "@geometry": "center"
      },
      "geometry": {
        "type": "Point",
        "coordinates": [
          -1.7519799,
          39.5194688
        ]
      },
      "id": "way/482931001"
    },
    {
      "type": "Feature",
      "properties": {
        "@id": "way/483197354",
        "highway": "services",
        "name": "Jaima Park",
        "@geometry": "center"
      },
      "geometry": {
        "type": "Point",
        "coordinates": [
          -3.69979,
          38.1776814
        ]
      },
      "id": "way/483197354"
    },
    {
      "type": "Feature",
      "properties": {
        "@id": "way/483324212",
        "highway": "services",
        "@geometry": "center"
      },
      "geometry": {
        "type": "Point",
        "coordinates": [
          -3.5890199,
          38.2951731
        ]
      },
      "id": "way/483324212"
    },
    {
      "type": "Feature",
      "properties": {
        "@id": "way/483324213",
        "highway": "services",
        "@geometry": "center"
      },
      "geometry": {
        "type": "Point",
        "coordinates": [
          -3.5918908,
          38.28152
        ]
      },
      "id": "way/483324213"
    },
    {
      "type": "Feature",
      "properties": {
        "@id": "way/483325990",
        "highway": "services",
        "@geometry": "center"
      },
      "geometry": {
        "type": "Point",
        "coordinates": [
          -3.6931586,
          38.1807273
        ]
      },
      "id": "way/483325990"
    },
    {
      "type": "Feature",
      "properties": {
        "@id": "way/483326264",
        "highway": "services",
        "@geometry": "center"
      },
      "geometry": {
        "type": "Point",
        "coordinates": [
          -3.6730669,
          38.1965864
        ]
      },
      "id": "way/483326264"
    },
    {
      "type": "Feature",
      "properties": {
        "@id": "way/483328900",
        "highway": "services",
        "@geometry": "center"
      },
      "geometry": {
        "type": "Point",
        "coordinates": [
          -3.5451992,
          38.3367707
        ]
      },
      "id": "way/483328900"
    },
    {
      "type": "Feature",
      "properties": {
        "@id": "way/483553773",
        "highway": "services",
        "@geometry": "center"
      },
      "geometry": {
        "type": "Point",
        "coordinates": [
          -2.2012731,
          40.0845472
        ]
      },
      "id": "way/483553773"
    },
    {
      "type": "Feature",
      "properties": {
        "@id": "way/485026796",
        "highway": "services",
        "@geometry": "center"
      },
      "geometry": {
        "type": "Point",
        "coordinates": [
          -0.64995,
          39.6569174
        ]
      },
      "id": "way/485026796"
    },
    {
      "type": "Feature",
      "properties": {
        "@id": "way/485179577",
        "alt_name": "Area 175",
        "highway": "services",
        "name": "Área de Servicio Atalaya",
        "website": "https://area175.avanzagrupo.com/",
        "@geometry": "center"
      },
      "geometry": {
        "type": "Point",
        "coordinates": [
          -2.254813,
          39.5380048
        ]
      },
      "id": "way/485179577"
    },
    {
      "type": "Feature",
      "properties": {
        "@id": "way/489234809",
        "highway": "services",
        "name": "Àrea de servei",
        "name:ca": "Àrea de servei",
        "name:es": "área de servicio",
        "@geometry": "center"
      },
      "geometry": {
        "type": "Point",
        "coordinates": [
          0.862604,
          42.7002624
        ]
      },
      "id": "way/489234809"
    },
    {
      "type": "Feature",
      "properties": {
        "@id": "way/489655367",
        "highway": "services",
        "@geometry": "center"
      },
      "geometry": {
        "type": "Point",
        "coordinates": [
          -3.6750813,
          42.3652912
        ]
      },
      "id": "way/489655367"
    },
    {
      "type": "Feature",
      "properties": {
        "@id": "way/491372358",
        "highway": "services",
        "@geometry": "center"
      },
      "geometry": {
        "type": "Point",
        "coordinates": [
          -3.2064155,
          39.086989
        ]
      },
      "id": "way/491372358"
    },
    {
      "type": "Feature",
      "properties": {
        "@id": "way/491661108",
        "highway": "services",
        "name": "Area de Servicio Taray",
        "@geometry": "center"
      },
      "geometry": {
        "type": "Point",
        "coordinates": [
          -3.4300018,
          39.2507169
        ]
      },
      "id": "way/491661108"
    },
    {
      "type": "Feature",
      "properties": {
        "@id": "way/492405335",
        "highway": "services",
        "@geometry": "center"
      },
      "geometry": {
        "type": "Point",
        "coordinates": [
          -3.5173545,
          39.6361969
        ]
      },
      "id": "way/492405335"
    },
    {
      "type": "Feature",
      "properties": {
        "@id": "way/492629115",
        "highway": "services",
        "name": "San Antonio",
        "name:ca": "Sant Antoni",
        "toilets": "yes",
        "@geometry": "center"
      },
      "geometry": {
        "type": "Point",
        "coordinates": [
          0.0630398,
          38.7909557
        ]
      },
      "id": "way/492629115"
    },
    {
      "type": "Feature",
      "properties": {
        "@id": "way/492878199",
        "highway": "services",
        "@geometry": "center"
      },
      "geometry": {
        "type": "Point",
        "coordinates": [
          -3.4788485,
          39.7660698
        ]
      },
      "id": "way/492878199"
    },
    {
      "type": "Feature",
      "properties": {
        "@id": "way/493689699",
        "highway": "services",
        "@geometry": "center"
      },
      "geometry": {
        "type": "Point",
        "coordinates": [
          -3.6017189,
          37.5937888
        ]
      },
      "id": "way/493689699"
    },
    {
      "type": "Feature",
      "properties": {
        "@id": "way/497345960",
        "highway": "services",
        "name": "Las Palmeras",
        "@geometry": "center"
      },
      "geometry": {
        "type": "Point",
        "coordinates": [
          -5.6680094,
          43.3883003
        ]
      },
      "id": "way/497345960"
    },
    {
      "type": "Feature",
      "properties": {
        "@id": "way/497681069",
        "highway": "services",
        "@geometry": "center"
      },
      "geometry": {
        "type": "Point",
        "coordinates": [
          -8.6849588,
          42.255197
        ]
      },
      "id": "way/497681069"
    },
    {
      "type": "Feature",
      "properties": {
        "@id": "way/498248230",
        "highway": "services",
        "name": "Área de Servicio Moya",
        "@geometry": "center"
      },
      "geometry": {
        "type": "Point",
        "coordinates": [
          -2.2798742,
          39.6021733
        ]
      },
      "id": "way/498248230"
    },
    {
      "type": "Feature",
      "properties": {
        "@id": "way/498585951",
        "contact:phone": "+34 982393276",
        "contact:website": "https://www.areadeservicio507.es/",
        "highway": "services",
        "name": "Área de servicio 507",
        "toilets": "yes",
        "@geometry": "center"
      },
      "geometry": {
        "type": "Point",
        "coordinates": [
          -7.6053647,
          43.1068345
        ]
      },
      "id": "way/498585951"
    },
    {
      "type": "Feature",
      "properties": {
        "@id": "way/501456408",
        "highway": "services",
        "@geometry": "center"
      },
      "geometry": {
        "type": "Point",
        "coordinates": [
          -8.4274102,
          43.3305139
        ]
      },
      "id": "way/501456408"
    },
    {
      "type": "Feature",
      "properties": {
        "@id": "way/507968555",
        "amenity": "fuel",
        "brand": "Repsol",
        "brand:wikidata": "Q174747",
        "brand:wikipedia": "es:Repsol",
        "highway": "services",
        "name": "Repsol",
        "operator": "Repsol",
        "@geometry": "center"
      },
      "geometry": {
        "type": "Point",
        "coordinates": [
          -4.4242589,
          36.7684918
        ]
      },
      "id": "way/507968555"
    },
    {
      "type": "Feature",
      "properties": {
        "@id": "way/511091478",
        "highway": "services",
        "name": "Navatrans",
        "@geometry": "center"
      },
      "geometry": {
        "type": "Point",
        "coordinates": [
          -4.2701784,
          41.1872612
        ]
      },
      "id": "way/511091478"
    },
    {
      "type": "Feature",
      "properties": {
        "@id": "way/511350174",
        "highway": "services",
        "@geometry": "center"
      },
      "geometry": {
        "type": "Point",
        "coordinates": [
          -3.2698582,
          40.5482382
        ]
      },
      "id": "way/511350174"
    },
    {
      "type": "Feature",
      "properties": {
        "@id": "way/514913201",
        "highway": "services",
        "@geometry": "center"
      },
      "geometry": {
        "type": "Point",
        "coordinates": [
          -5.8185726,
          43.3927326
        ]
      },
      "id": "way/514913201"
    },
    {
      "type": "Feature",
      "properties": {
        "@id": "way/515029616",
        "highway": "services",
        "name": "Venta La Nava",
        "@geometry": "center"
      },
      "geometry": {
        "type": "Point",
        "coordinates": [
          -3.5668686,
          37.4048341
        ]
      },
      "id": "way/515029616"
    },
    {
      "type": "Feature",
      "properties": {
        "@id": "way/517361791",
        "highway": "services",
        "name": "Área de Servicio Mirador de Pozazal",
        "@geometry": "center"
      },
      "geometry": {
        "type": "Point",
        "coordinates": [
          -4.1551955,
          42.866737
        ]
      },
      "id": "way/517361791"
    },
    {
      "type": "Feature",
      "properties": {
        "@id": "way/523601483",
        "highway": "services",
        "toilets": "yes",
        "@geometry": "center"
      },
      "geometry": {
        "type": "Point",
        "coordinates": [
          0.3035196,
          40.3599978
        ]
      },
      "id": "way/523601483"
    },
    {
      "type": "Feature",
      "properties": {
        "@id": "way/524021387",
        "highway": "services",
        "name": "Àrea de Servei de Benicarló",
        "name:ca": "Àrea de Servei de Benicarló",
        "name:es": "Área de Servicio Benicarló",
        "@geometry": "center"
      },
      "geometry": {
        "type": "Point",
        "coordinates": [
          0.4065667,
          40.4591738
        ]
      },
      "id": "way/524021387"
    },
    {
      "type": "Feature",
      "properties": {
        "@id": "way/525091481",
        "highway": "services",
        "name": "Àrea servei l'Empordà",
        "@geometry": "center"
      },
      "geometry": {
        "type": "Point",
        "coordinates": [
          2.930276,
          42.1741784
        ]
      },
      "id": "way/525091481"
    },
    {
      "type": "Feature",
      "properties": {
        "@id": "way/525846472",
        "highway": "services",
        "name": "Àrea de Servei La Marina",
        "name:ca": "Àrea de Servei La Marina",
        "name:es": "Área de Servicio La Marina",
        "@geometry": "center"
      },
      "geometry": {
        "type": "Point",
        "coordinates": [
          -0.2033337,
          38.5362818
        ]
      },
      "id": "way/525846472"
    },
    {
      "type": "Feature",
      "properties": {
        "@id": "way/526430429",
        "highway": "services",
        "@geometry": "center"
      },
      "geometry": {
        "type": "Point",
        "coordinates": [
          0.1788963,
          40.2023526
        ]
      },
      "id": "way/526430429"
    },
    {
      "type": "Feature",
      "properties": {
        "@id": "way/527105676",
        "highway": "services",
        "operator": "Repsol",
        "toilets": "yes",
        "@geometry": "center"
      },
      "geometry": {
        "type": "Point",
        "coordinates": [
          -4.0152242,
          40.5759873
        ]
      },
      "id": "way/527105676"
    },
    {
      "type": "Feature",
      "properties": {
        "@id": "way/527233244",
        "highway": "services",
        "@geometry": "center"
      },
      "geometry": {
        "type": "Point",
        "coordinates": [
          -5.8290496,
          43.3486452
        ]
      },
      "id": "way/527233244"
    },
    {
      "type": "Feature",
      "properties": {
        "@id": "way/532551033",
        "addr:street": "Carretera N-332 Km 30.2",
        "highway": "services",
        "name": "Repsol",
        "operator": "Repsol",
        "@geometry": "center"
      },
      "geometry": {
        "type": "Point",
        "coordinates": [
          -1.2381784,
          37.5803336
        ]
      },
      "id": "way/532551033"
    },
    {
      "type": "Feature",
      "properties": {
        "@id": "way/533010825",
        "addr:city": "Málaga",
        "addr:housenumber": "64",
        "addr:postcode": "29010",
        "addr:street": "Calle Juan Fernández Suria",
        "amenity": "fuel",
        "brand": "BP",
        "brand:website": "https://www.bp.com",
        "brand:wikidata": "Q152057",
        "brand:wikipedia": "es:BP",
        "fuel:GTL_diesel": "yes",
        "fuel:diesel": "yes",
        "fuel:octane_95": "yes",
        "fuel:octane_98": "yes",
        "highway": "services",
        "name": "BP Las Chapas",
        "opening_hours": "24/7",
        "operator": "BP",
        "wheelchair": "yes",
        "@geometry": "center"
      },
      "geometry": {
        "type": "Point",
        "coordinates": [
          -4.4394229,
          36.721865
        ]
      },
      "id": "way/533010825"
    },
    {
      "type": "Feature",
      "properties": {
        "@id": "way/533911318",
        "addr:street": "Avenida de Valle-Inclán",
        "amenity": "fuel",
        "brand": "BP",
        "brand:website": "https://www.bp.com",
        "brand:wikidata": "Q152057",
        "brand:wikipedia": "es:BP",
        "fuel:GTL_diesel": "yes",
        "fuel:diesel": "yes",
        "fuel:octane_95": "yes",
        "fuel:octane_98": "yes",
        "highway": "services",
        "name": "BP Camino Suárez",
        "nohousenumber": "yes",
        "opening_hours": "24/7",
        "operator": "BP",
        "source": "Ministerio de Industria, Turismo y Comercio",
        "source:date": "2010-07-29",
        "@geometry": "center"
      },
      "geometry": {
        "type": "Point",
        "coordinates": [
          -4.4452033,
          36.7296927
        ]
      },
      "id": "way/533911318"
    },
    {
      "type": "Feature",
      "properties": {
        "@id": "way/534343424",
        "addr:street": "Calle Graham Bell",
        "amenity": "fuel",
        "brand": "Repsol",
        "brand:wikidata": "Q174747",
        "brand:wikipedia": "es:Repsol",
        "check_date": "2025-04-19",
        "fuel:GTL_diesel": "yes",
        "fuel:diesel": "yes",
        "fuel:octane_95": "yes",
        "fuel:octane_98": "yes",
        "highway": "services",
        "name": "Repsol",
        "nohousenumber": "yes",
        "opening_hours": "24/7",
        "operator": "Repsol",
        "source": "Ministerio de Industria, Turismo y Comercio",
        "source:date": "2010-08-06",
        "@geometry": "center"
      },
      "geometry": {
        "type": "Point",
        "coordinates": [
          -4.5497789,
          36.7312523
        ]
      },
      "id": "way/534343424"
    },
    {
      "type": "Feature",
      "properties": {
        "@id": "way/534641962",
        "highway": "services",
        "operator:-2024": "Cepsa",
        "toilets": "yes",
        "@geometry": "center"
      },
      "geometry": {
        "type": "Point",
        "coordinates": [
          -1.6558375,
          42.8205113
        ]
      },
      "id": "way/534641962"
    },
    {
      "type": "Feature",
      "properties": {
        "@id": "way/536137534",
        "addr:housenumber": "96",
        "addr:postcode": "29010",
        "addr:street": "Avenida Carlos de Haya",
        "amenity": "fuel",
        "brand": "Repsol",
        "brand:wikidata": "Q174747",
        "brand:wikipedia": "es:Repsol",
        "fuel:GTL_diesel": "yes",
        "fuel:diesel": "yes",
        "fuel:octane_95": "yes",
        "fuel:octane_98": "yes",
        "highway": "services",
        "name": "Repsol",
        "opening_hours": "24/7",
        "operator": "Repsol",
        "source": "Ministerio de Industria, Turismo y Comercio",
        "source:date": "2010-07-29",
        "@geometry": "center"
      },
      "geometry": {
        "type": "Point",
        "coordinates": [
          -4.4511353,
          36.7230891
        ]
      },
      "id": "way/536137534"
    },
    {
      "type": "Feature",
      "properties": {
        "@id": "way/536776646",
        "highway": "services",
        "name": "Área 112",
        "@geometry": "center"
      },
      "geometry": {
        "type": "Point",
        "coordinates": [
          -2.6648187,
          40.9568273
        ]
      },
      "id": "way/536776646"
    },
    {
      "type": "Feature",
      "properties": {
        "@id": "way/536776647",
        "highway": "services",
        "name": "Área de Servicio La Almunia-Calatorao",
        "@geometry": "center"
      },
      "geometry": {
        "type": "Point",
        "coordinates": [
          -1.3213428,
          41.5016753
        ]
      },
      "id": "way/536776647"
    },
    {
      "type": "Feature",
      "properties": {
        "@id": "way/538325037",
        "highway": "services",
        "@geometry": "center"
      },
      "geometry": {
        "type": "Point",
        "coordinates": [
          -5.8298562,
          43.3865831
        ]
      },
      "id": "way/538325037"
    },
    {
      "type": "Feature",
      "properties": {
        "@id": "way/539377406",
        "highway": "services",
        "name": "Àrea de servei",
        "name:ca": "Àrea de servei",
        "name:es": "área de servicio",
        "@geometry": "center"
      },
      "geometry": {
        "type": "Point",
        "coordinates": [
          2.0484429,
          41.4970012
        ]
      },
      "id": "way/539377406"
    },
    {
      "type": "Feature",
      "properties": {
        "@id": "way/539377410",
        "highway": "services",
        "name": "Àrea de servei",
        "name:ca": "Àrea de servei",
        "name:es": "área de servicio",
        "@geometry": "center"
      },
      "geometry": {
        "type": "Point",
        "coordinates": [
          2.0494465,
          41.4985479
        ]
      },
      "id": "way/539377410"
    },
    {
      "type": "Feature",
      "properties": {
        "@id": "way/539656490",
        "highway": "services",
        "@geometry": "center"
      },
      "geometry": {
        "type": "Point",
        "coordinates": [
          -2.8278092,
          42.9618216
        ]
      },
      "id": "way/539656490"
    },
    {
      "type": "Feature",
      "properties": {
        "@id": "way/540458381",
        "highway": "services",
        "name": "Àrea de servei de l'Hospitalet de l'Infant",
        "name:ca": "Àrea de servei de l'Hospitalet de l'Infant",
        "toilets": "yes",
        "@geometry": "center"
      },
      "geometry": {
        "type": "Point",
        "coordinates": [
          0.8954403,
          40.9854184
        ]
      },
      "id": "way/540458381"
    },
    {
      "type": "Feature",
      "properties": {
        "@id": "way/541522050",
        "highway": "services",
        "@geometry": "center"
      },
      "geometry": {
        "type": "Point",
        "coordinates": [
          -3.8055655,
          40.3462936
        ]
      },
      "id": "way/541522050"
    },
    {
      "type": "Feature",
      "properties": {
        "@id": "way/541601607",
        "highway": "services",
        "name": "Área de Servicio Km 200",
        "@geometry": "center"
      },
      "geometry": {
        "type": "Point",
        "coordinates": [
          -1.9639409,
          41.306298
        ]
      },
      "id": "way/541601607"
    },
    {
      "type": "Feature",
      "properties": {
        "@id": "way/541888574",
        "highway": "services",
        "name": "Área de Servicio El Espolón",
        "@geometry": "center"
      },
      "geometry": {
        "type": "Point",
        "coordinates": [
          -1.9459099,
          41.3027109
        ]
      },
      "id": "way/541888574"
    },
    {
      "type": "Feature",
      "properties": {
        "@id": "way/541890170",
        "highway": "services",
        "name": "Área de Servicio El Espolón",
        "@geometry": "center"
      },
      "geometry": {
        "type": "Point",
        "coordinates": [
          -1.9460347,
          41.3039001
        ]
      },
      "id": "way/541890170"
    },
    {
      "type": "Feature",
      "properties": {
        "@id": "way/546696274",
        "highway": "services",
        "@geometry": "center"
      },
      "geometry": {
        "type": "Point",
        "coordinates": [
          -2.1277475,
          36.9555333
        ]
      },
      "id": "way/546696274"
    },
    {
      "type": "Feature",
      "properties": {
        "@id": "way/550144861",
        "highway": "services",
        "@geometry": "center"
      },
      "geometry": {
        "type": "Point",
        "coordinates": [
          -1.2761052,
          41.0490405
        ]
      },
      "id": "way/550144861"
    },
    {
      "type": "Feature",
      "properties": {
        "@id": "way/550311939",
        "highway": "services",
        "operator": "Meroil",
        "toilets": "yes",
        "@geometry": "center"
      },
      "geometry": {
        "type": "Point",
        "coordinates": [
          -3.9744488,
          40.7075436
        ]
      },
      "id": "way/550311939"
    },
    {
      "type": "Feature",
      "properties": {
        "@id": "way/550335625",
        "brand": "AN Energéticos",
        "highway": "services",
        "name": "AN Energéticos - Carbonero El Mayor",
        "operator": "Sociedad Cooperativa Mesenor",
        "@geometry": "center"
      },
      "geometry": {
        "type": "Point",
        "coordinates": [
          -4.2539843,
          41.1130477
        ]
      },
      "id": "way/550335625"
    },
    {
      "type": "Feature",
      "properties": {
        "@id": "way/550337140",
        "highway": "services",
        "@geometry": "center"
      },
      "geometry": {
        "type": "Point",
        "coordinates": [
          -3.7761441,
          37.7846189
        ]
      },
      "id": "way/550337140"
    },
    {
      "type": "Feature",
      "properties": {
        "@id": "way/550935493",
        "highway": "services",
        "@geometry": "center"
      },
      "geometry": {
        "type": "Point",
        "coordinates": [
          -3.7818255,
          37.788786
        ]
      },
      "id": "way/550935493"
    },
    {
      "type": "Feature",
      "properties": {
        "@id": "way/554244031",
        "addr:housenumber": "208",
        "addr:postcode": "29004",
        "addr:street": "Avenida de Velázquez",
        "amenity": "fuel",
        "brand": "Repsol",
        "brand:wikidata": "Q174747",
        "brand:wikipedia": "es:Repsol",
        "check_date": "2018-06-06",
        "fuel:diesel": "yes",
        "fuel:octane_95": "yes",
        "fuel:octane_98": "yes",
        "highway": "services",
        "name": "Repsol",
        "opening_hours": "Mo-Fr 06:00-22:00;Sa-Su 07:00-22:00",
        "operator": "Repsol",
        "@geometry": "center"
      },
      "geometry": {
        "type": "Point",
        "coordinates": [
          -4.4682958,
          36.6824175
        ]
      },
      "id": "way/554244031"
    },
    {
      "type": "Feature",
      "properties": {
        "@id": "way/554255223",
        "addr:housenumber": "30",
        "addr:street": "Carretera de Coín",
        "amenity": "fuel",
        "brand": "BP",
        "brand:website": "https://www.bp.com",
        "brand:wikidata": "Q152057",
        "brand:wikipedia": "es:BP",
        "fuel:GTL_diesel": "yes",
        "fuel:diesel": "yes",
        "fuel:diesel_B": "yes",
        "fuel:octane_95": "yes",
        "fuel:octane_98": "yes",
        "highway": "services",
        "name": "BP",
        "opening_hours": "24/7",
        "operator": "BP",
        "source": "Ministerio de Industria, Turismo y Comercio",
        "source:date": "2010-07-29",
        "@geometry": "center"
      },
      "geometry": {
        "type": "Point",
        "coordinates": [
          -4.4927591,
          36.6599302
        ]
      },
      "id": "way/554255223"
    },
    {
      "type": "Feature",
      "properties": {
        "@id": "way/554450285",
        "highway": "services",
        "operator": "Repsol",
        "toilets": "yes",
        "@geometry": "center"
      },
      "geometry": {
        "type": "Point",
        "coordinates": [
          -2.528065,
          41.4809366
        ]
      },
      "id": "way/554450285"
    },
    {
      "type": "Feature",
      "properties": {
        "@id": "way/554837832",
        "addr:city": "Málaga",
        "addr:housenumber": "290",
        "addr:postcode": "29004",
        "addr:street": "Avenida de Velázquez",
        "amenity": "fuel",
        "brand": "BP",
        "brand:website": "https://www.bp.com",
        "brand:wikidata": "Q152057",
        "brand:wikipedia": "es:BP",
        "fuel:diesel": "yes",
        "fuel:octane_95": "yes",
        "fuel:octane_98": "yes",
        "highway": "services",
        "name": "BP",
        "opening_hours": "Mo-Su 06:00-22:00",
        "operator": "BP",
        "payment:cash": "yes",
        "payment:mastercard": "yes",
        "@geometry": "center"
      },
      "geometry": {
        "type": "Point",
        "coordinates": [
          -4.477877,
          36.673835
        ]
      },
      "id": "way/554837832"
    },
    {
      "type": "Feature",
      "properties": {
        "@id": "way/555117529",
        "highway": "services",
        "@geometry": "center"
      },
      "geometry": {
        "type": "Point",
        "coordinates": [
          2.3628454,
          42.0319858
        ]
      },
      "id": "way/555117529"
    },
    {
      "type": "Feature",
      "properties": {
        "@id": "way/556840004",
        "addr:housenumber": "483",
        "addr:street": "Avenida José Ortega y Gasset",
        "amenity": "fuel",
        "brand": "Repsol",
        "brand:1992": "Campsa",
        "brand:wikidata": "Q174747",
        "brand:wikipedia": "es:Repsol",
        "fuel:GTL_diesel": "yes",
        "fuel:diesel": "yes",
        "fuel:octane_95": "yes",
        "fuel:octane_98": "yes",
        "highway": "services",
        "name": "Repsol",
        "official_name:1992": "Compañía Arrendataria del Monopolio del Petróleo, S. A.",
        "opening_hours": "24/7",
        "@geometry": "center"
      },
      "geometry": {
        "type": "Point",
        "coordinates": [
          -4.5055006,
          36.7059389
        ]
      },
      "id": "way/556840004"
    },
    {
      "type": "Feature",
      "properties": {
        "@id": "way/557104226",
        "highway": "services",
        "operator": "Repsol",
        "@geometry": "center"
      },
      "geometry": {
        "type": "Point",
        "coordinates": [
          -3.1926385,
          41.568737
        ]
      },
      "id": "way/557104226"
    },
    {
      "type": "Feature",
      "properties": {
        "@id": "way/557117813",
        "highway": "services",
        "toilets": "yes",
        "@geometry": "center"
      },
      "geometry": {
        "type": "Point",
        "coordinates": [
          -1.932557,
          39.0605786
        ]
      },
      "id": "way/557117813"
    },
    {
      "type": "Feature",
      "properties": {
        "@id": "way/557479007",
        "addr:housenumber": "6B",
        "addr:postcode": "29010",
        "addr:street": "Avenida Lope de Vega",
        "amenity": "fuel",
        "brand": "Repsol",
        "brand:wikidata": "Q174747",
        "brand:wikipedia": "es:Repsol",
        "fuel:GTL_diesel": "yes",
        "fuel:diesel": "yes",
        "fuel:octane_95": "yes",
        "fuel:octane_98": "yes",
        "highway": "services",
        "name": "Repsol",
        "opening_hours": "Mo-Su 07:00-24:00",
        "operator": "Repsol",
        "source": "Ministerio de Industria, Turismo y Comercio",
        "source:date": "2010-08-06",
        "@geometry": "center"
      },
      "geometry": {
        "type": "Point",
        "coordinates": [
          -4.4675366,
          36.7305442
        ]
      },
      "id": "way/557479007"
    },
    {
      "type": "Feature",
      "properties": {
        "@id": "way/557623026",
        "addr:housenumber": "232",
        "addr:postcode": "29006",
        "addr:street": "Avenida José Ortega y Gasset",
        "amenity": "fuel",
        "brand": "Repsol",
        "brand:wikidata": "Q174747",
        "brand:wikipedia": "es:Repsol",
        "fuel:GTL_diesel": "yes",
        "fuel:diesel": "yes",
        "fuel:octane_95": "yes",
        "fuel:octane_98": "yes",
        "highway": "services",
        "name": "Repsol",
        "opening_hours": "24/7",
        "operator": "Repsol",
        "source": "Ministerio de Industria, Turismo y Comercio",
        "source:date": "2010-08-06",
        "@geometry": "center"
      },
      "geometry": {
        "type": "Point",
        "coordinates": [
          -4.4720742,
          36.707298
        ]
      },
      "id": "way/557623026"
    },
    {
      "type": "Feature",
      "properties": {
        "@id": "way/557676845",
        "highway": "services",
        "name": "El Caserío de Aguadulce",
        "@geometry": "center"
      },
      "geometry": {
        "type": "Point",
        "coordinates": [
          -4.9862426,
          37.2569023
        ]
      },
      "id": "way/557676845"
    },
    {
      "type": "Feature",
      "properties": {
        "@id": "way/557930911",
        "highway": "services",
        "@geometry": "center"
      },
      "geometry": {
        "type": "Point",
        "coordinates": [
          -4.4635609,
          36.9866251
        ]
      },
      "id": "way/557930911"
    },
    {
      "type": "Feature",
      "properties": {
        "@id": "way/557968305",
        "addr:city": "Málaga",
        "addr:housenumber": "147",
        "addr:postcode": "29003",
        "addr:street": "Calle Héroe de Sostoa",
        "amenity": "fuel",
        "brand": "Repsol",
        "brand:wikidata": "Q174747",
        "brand:wikipedia": "es:Repsol",
        "highway": "services",
        "name": "Repsol",
        "opening_hours": "Mo-Su 06:00-22:00",
        "operator": "Repsol",
        "source": "Ministerio de Industria, Turismo y Comercio",
        "source:date": "2008-08-11",
        "@geometry": "center"
      },
      "geometry": {
        "type": "Point",
        "coordinates": [
          -4.4423597,
          36.702162
        ]
      },
      "id": "way/557968305"
    },
    {
      "type": "Feature",
      "properties": {
        "@id": "way/558473425",
        "highway": "services",
        "@geometry": "center"
      },
      "geometry": {
        "type": "Point",
        "coordinates": [
          -1.300603,
          40.9048964
        ]
      },
      "id": "way/558473425"
    },
    {
      "type": "Feature",
      "properties": {
        "@id": "way/559148766",
        "highway": "services",
        "@geometry": "center"
      },
      "geometry": {
        "type": "Point",
        "coordinates": [
          -2.2511555,
          42.8665228
        ]
      },
      "id": "way/559148766"
    },
    {
      "type": "Feature",
      "properties": {
        "@id": "way/559713959",
        "addr:city": "Málaga",
        "addr:housenumber": "39",
        "addr:postcode": "29004",
        "addr:street": "Avenida Isaac Peral",
        "amenity": "fuel",
        "brand": "Moeve",
        "brand:-2024": "Cepsa",
        "brand:website": "https://www.moeve.es",
        "brand:wikidata": "Q608819",
        "brand:wikipedia": "es:Moeve",
        "highway": "services",
        "name": "Estación de Servicio Valdicio",
        "opening_hours": "24/7",
        "source": "Ministerio de Industria, Turismo y Comercio",
        "source:date": "2008-08-11",
        "@geometry": "center"
      },
      "geometry": {
        "type": "Point",
        "coordinates": [
          -4.4594667,
          36.6922918
        ]
      },
      "id": "way/559713959"
    },
    {
      "type": "Feature",
      "properties": {
        "@id": "way/561619677",
        "addr:city": "Málaga",
        "addr:housenumber": "104",
        "addr:postcode": "29004",
        "addr:street": "Avenida de Velázquez",
        "amenity": "fuel",
        "brand": "Repsol",
        "brand:wikidata": "Q174747",
        "brand:wikipedia": "es:Repsol",
        "fuel:GTL_diesel": "yes",
        "fuel:diesel": "yes",
        "fuel:octane_95": "yes",
        "fuel:octane_98": "yes",
        "highway": "services",
        "name": "Repsol La Luz",
        "opening_hours": "24/7",
        "operator": "Repsol",
        "source": "Ministerio de Industria, Turismo y Comercio",
        "source:date": "2010-07-29",
        "@geometry": "center"
      },
      "geometry": {
        "type": "Point",
        "coordinates": [
          -4.4569372,
          36.6914163
        ]
      },
      "id": "way/561619677"
    },
    {
      "type": "Feature",
      "properties": {
        "@id": "way/564358677",
        "addr:housenumber": "18",
        "addr:postcode": "29010",
        "addr:street": "Avenida de Jenofonte",
        "amenity": "fuel",
        "brand": "Repsol",
        "brand:wikidata": "Q174747",
        "brand:wikipedia": "es:Repsol",
        "fuel:GTL_diesel": "yes",
        "fuel:diesel": "yes",
        "fuel:octane_95": "yes",
        "fuel:octane_98": "yes",
        "highway": "services",
        "name": "Repsol",
        "opening_hours": "Mo-Su 07:00-23:00",
        "operator": "Repsol",
        "source": "Ministerio de Industria, Turismo y Comercio",
        "source:date": "2010-08-06",
        "@geometry": "center"
      },
      "geometry": {
        "type": "Point",
        "coordinates": [
          -4.484358,
          36.7184581
        ]
      },
      "id": "way/564358677"
    },
    {
      "type": "Feature",
      "properties": {
        "@id": "way/566175320",
        "addr:housenumber": "78",
        "addr:postcode": "29017",
        "addr:street": "Calle Almería",
        "amenity": "fuel",
        "brand": "Repsol",
        "brand:wikidata": "Q174747",
        "brand:wikipedia": "es:Repsol",
        "check_date": "2024-12-23",
        "compressed_air": "yes",
        "fuel:GTL_diesel": "yes",
        "fuel:diesel": "yes",
        "fuel:octane_95": "yes",
        "fuel:octane_98": "yes",
        "highway": "services",
        "name": "Repsol",
        "opening_hours": "24/7",
        "operator": "Repsol",
        "source": "Ministerio de Industria, Turismo y Comercio",
        "source:date": "2010-07-29",
        "wheelchair": "yes",
        "@geometry": "center"
      },
      "geometry": {
        "type": "Point",
        "coordinates": [
          -4.3444674,
          36.7149687
        ]
      },
      "id": "way/566175320"
    },
    {
      "type": "Feature",
      "properties": {
        "@id": "way/566175894",
        "addr:housenumber": "183",
        "addr:street": "Calle Almería",
        "amenity": "fuel",
        "brand": "Repsol",
        "brand:wikidata": "Q174747",
        "brand:wikipedia": "es:Repsol",
        "check_date": "2024-12-23",
        "compressed_air": "yes",
        "fuel:GTL_diesel": "yes",
        "fuel:diesel": "yes",
        "fuel:octane_95": "yes",
        "fuel:octane_98": "yes",
        "highway": "services",
        "name": "Repsol",
        "opening_hours": "24/7",
        "operator": "Repsol",
        "source": "Ministerio de Industria, Turismo y Comercio",
        "source:date": "2010-07-29",
        "wheelchair": "yes",
        "@geometry": "center"
      },
      "geometry": {
        "type": "Point",
        "coordinates": [
          -4.3438872,
          36.7152937
        ]
      },
      "id": "way/566175894"
    },
    {
      "type": "Feature",
      "properties": {
        "@id": "way/566770716",
        "highway": "services",
        "name": "Área de servicio Las Pajanosas",
        "@geometry": "center"
      },
      "geometry": {
        "type": "Point",
        "coordinates": [
          -6.1089117,
          37.5716715
        ]
      },
      "id": "way/566770716"
    },
    {
      "type": "Feature",
      "properties": {
        "@id": "way/568786124",
        "highway": "services",
        "@geometry": "center"
      },
      "geometry": {
        "type": "Point",
        "coordinates": [
          -2.4734248,
          42.7514117
        ]
      },
      "id": "way/568786124"
    },
    {
      "type": "Feature",
      "properties": {
        "@id": "node/569124210",
        "highway": "services"
      },
      "geometry": {
        "type": "Point",
        "coordinates": [
          -5.914904,
          43.3274472
        ]
      },
      "id": "node/569124210"
    },
    {
      "type": "Feature",
      "properties": {
        "@id": "way/569644176",
        "addr:housenumber": "68",
        "addr:street": "Avenida Washington",
        "amenity": "fuel",
        "brand": "Galp",
        "brand:website": "https://galp.com",
        "brand:wikidata": "Q1492739",
        "brand:wikipedia": "es:Galp",
        "fuel:GTL_diesel": "yes",
        "fuel:diesel": "yes",
        "fuel:octane_95": "yes",
        "fuel:octane_98": "yes",
        "highway": "services",
        "name": "Estación de Servicio Universidad",
        "opening_hours": "24/7",
        "operator": "Galp",
        "source": "Ministerio de Industria, Turismo y Comercio",
        "source:date": "2010-08-06",
        "@geometry": "center"
      },
      "geometry": {
        "type": "Point",
        "coordinates": [
          -4.4825136,
          36.713582
        ]
      },
      "id": "way/569644176"
    },
    {
      "type": "Feature",
      "properties": {
        "@id": "way/570601223",
        "highway": "services",
        "name": "el Vallès",
        "operator": "Shell / Burger King",
        "toilets": "yes",
        "@geometry": "center"
      },
      "geometry": {
        "type": "Point",
        "coordinates": [
          2.1681066,
          41.5265114
        ]
      },
      "id": "way/570601223"
    },
    {
      "type": "Feature",
      "properties": {
        "@id": "way/570601248",
        "highway": "services",
        "@geometry": "center"
      },
      "geometry": {
        "type": "Point",
        "coordinates": [
          2.1669133,
          41.5263168
        ]
      },
      "id": "way/570601248"
    },
    {
      "type": "Feature",
      "properties": {
        "@id": "way/571642885",
        "highway": "services",
        "name": "Àrea de Servei La Plana",
        "name:ca": "Àrea de Servei La Plana",
        "@geometry": "center"
      },
      "geometry": {
        "type": "Point",
        "coordinates": [
          -0.1224826,
          39.8647663
        ]
      },
      "id": "way/571642885"
    },
    {
      "type": "Feature",
      "properties": {
        "@id": "way/573827705",
        "highway": "services",
        "name": "área de Servicio de Los Monegros",
        "toilets": "yes",
        "@geometry": "center"
      },
      "geometry": {
        "type": "Point",
        "coordinates": [
          0.0406774,
          41.5180392
        ]
      },
      "id": "way/573827705"
    },
    {
      "type": "Feature",
      "properties": {
        "@id": "node/574460643",
        "highway": "services",
        "name": "Àrea del Maresme",
        "name:ca": "Àrea del Maresme",
        "operator": "Repsol",
        "toilets": "yes"
      },
      "geometry": {
        "type": "Point",
        "coordinates": [
          2.3337048,
          41.491771
        ]
      },
      "id": "node/574460643"
    },
    {
      "type": "Feature",
      "properties": {
        "@id": "node/574460721",
        "highway": "services",
        "name": "Àrea del Maresme",
        "name:ca": "Àrea del Maresme",
        "operator": "Galp",
        "toilets": "yes"
      },
      "geometry": {
        "type": "Point",
        "coordinates": [
          2.33423,
          41.493324
        ]
      },
      "id": "node/574460721"
    },
    {
      "type": "Feature",
      "properties": {
        "@id": "way/577192245",
        "addr:housenumber": "17",
        "addr:street": "Polígono Industrial El Nevero",
        "fuel:diesel": "yes",
        "fuel:octane_95": "yes",
        "fuel:octane_98": "yes",
        "highway": "services",
        "name": "Área de Servicio San Martín",
        "opening_hours": "24/7",
        "source": "Ministerio de Industria, Turismo y Comercio",
        "source:date": "2010-08-06",
        "@geometry": "center"
      },
      "geometry": {
        "type": "Point",
        "coordinates": [
          -6.9896664,
          38.9003282
        ]
      },
      "id": "way/577192245"
    },
    {
      "type": "Feature",
      "properties": {
        "@id": "way/580233770",
        "highway": "services",
        "name": "Area de Servicio Casablanca",
        "@geometry": "center"
      },
      "geometry": {
        "type": "Point",
        "coordinates": [
          -0.7562769,
          41.6407796
        ]
      },
      "id": "way/580233770"
    },
    {
      "type": "Feature",
      "properties": {
        "@id": "way/584653708",
        "highway": "services",
        "operator": "Repsol",
        "toilets": "yes",
        "@geometry": "center"
      },
      "geometry": {
        "type": "Point",
        "coordinates": [
          -4.3150044,
          40.3653804
        ]
      },
      "id": "way/584653708"
    },
    {
      "type": "Feature",
      "properties": {
        "@id": "way/585433034",
        "addr:street": "Calle Offenbach",
        "amenity": "fuel",
        "brand": "Moeve",
        "brand:-2024": "Cepsa",
        "brand:website": "https://www.moeve.es",
        "brand:wikidata": "Q608819",
        "brand:wikipedia": "es:Moeve",
        "fuel:GTL_diesel": "yes",
        "fuel:diesel": "yes",
        "fuel:diesel_B": "yes",
        "fuel:octane_95": "yes",
        "highway": "services",
        "name": "Moeve",
        "name:-2024": "Cepsa",
        "nohousenumber": "yes",
        "opening_hours": "24/7",
        "operator:-2024": "Cepsa",
        "source": "Ministerio de Industria, Turismo y Comercio",
        "source:date": "2010-08-06",
        "@geometry": "center"
      },
      "geometry": {
        "type": "Point",
        "coordinates": [
          -4.5119654,
          36.7127696
        ]
      },
      "id": "way/585433034"
    },
    {
      "type": "Feature",
      "properties": {
        "@id": "way/586652004",
        "addr:full": "Carretera MA-401,km 9.158",
        "addr:street": "Avenida José Ortega y Gasset",
        "amenity": "fuel",
        "brand": "Repsol",
        "brand:wikidata": "Q174747",
        "brand:wikipedia": "es:Repsol",
        "fuel:GTL_diesel": "yes",
        "fuel:diesel": "yes",
        "fuel:diesel_B": "yes",
        "fuel:octane_95": "yes",
        "fuel:octane_98": "yes",
        "highway": "services",
        "name": "Repsol",
        "opening_hours": "24/7",
        "operator": "Repsol",
        "@geometry": "center"
      },
      "geometry": {
        "type": "Point",
        "coordinates": [
          -4.5336138,
          36.7197828
        ]
      },
      "id": "way/586652004"
    },
    {
      "type": "Feature",
      "properties": {
        "@id": "way/589231780",
        "highway": "services",
        "name": "Área de Servicio El Torreón",
        "website": "https://grupoeltorreon.com/",
        "@geometry": "center"
      },
      "geometry": {
        "type": "Point",
        "coordinates": [
          -3.669105,
          37.2313448
        ]
      },
      "id": "way/589231780"
    },
    {
      "type": "Feature",
      "properties": {
        "@id": "way/589231784",
        "highway": "services",
        "name": "Área de Servicio El Torreón",
        "website": "https://grupoeltorreon.com/",
        "@geometry": "center"
      },
      "geometry": {
        "type": "Point",
        "coordinates": [
          -3.6677826,
          37.2327074
        ]
      },
      "id": "way/589231784"
    },
    {
      "type": "Feature",
      "properties": {
        "@id": "way/589618363",
        "highway": "services",
        "name": "Área de Servizo de Miño",
        "name:es": "Área de Servicio de Miño",
        "name:gl": "Área de Servizo de Miño",
        "@geometry": "center"
      },
      "geometry": {
        "type": "Point",
        "coordinates": [
          -8.1874629,
          43.3737468
        ]
      },
      "id": "way/589618363"
    },
    {
      "type": "Feature",
      "properties": {
        "@id": "way/589961343",
        "highway": "services",
        "@geometry": "center"
      },
      "geometry": {
        "type": "Point",
        "coordinates": [
          3.1659043,
          42.4334833
        ]
      },
      "id": "way/589961343"
    },
    {
      "type": "Feature",
      "properties": {
        "@id": "way/590226332",
        "highway": "services",
        "toilets": "yes",
        "@geometry": "center"
      },
      "geometry": {
        "type": "Point",
        "coordinates": [
          3.063878,
          42.3163875
        ]
      },
      "id": "way/590226332"
    },
    {
      "type": "Feature",
      "properties": {
        "@id": "way/591689743",
        "highway": "services",
        "@geometry": "center"
      },
      "geometry": {
        "type": "Point",
        "coordinates": [
          -3.8036069,
          37.1960591
        ]
      },
      "id": "way/591689743"
    },
    {
      "type": "Feature",
      "properties": {
        "@id": "way/596670311",
        "highway": "services",
        "@geometry": "center"
      },
      "geometry": {
        "type": "Point",
        "coordinates": [
          -3.8136734,
          37.6889909
        ]
      },
      "id": "way/596670311"
    },
    {
      "type": "Feature",
      "properties": {
        "@id": "way/600461236",
        "addr:city": "Málaga",
        "addr:housenumber": "1",
        "addr:postcode": "29004",
        "addr:street": "Calle Alfonso Ponce de León",
        "amenity": "fuel",
        "brand": "Shell",
        "brand:website": "https://www.shell.es",
        "brand:wikidata": "Q110716465",
        "brand:wikipedia": "es:Royal Dutch Shell",
        "highway": "services",
        "name": "Shell",
        "operator": "Disa",
        "operator:website": "https://www.disagrupo.es",
        "operator:wikidata": "Q5797102",
        "operator:wikipedia": "es:DISA (empresa)",
        "@geometry": "center"
      },
      "geometry": {
        "type": "Point",
        "coordinates": [
          -4.4799073,
          36.6545001
        ]
      },
      "id": "way/600461236"
    },
    {
      "type": "Feature",
      "properties": {
        "@id": "way/601346473",
        "highway": "services",
        "name": "La Pocilla",
        "operator": "BP",
        "toilets": "yes",
        "@geometry": "center"
      },
      "geometry": {
        "type": "Point",
        "coordinates": [
          -4.0099839,
          40.583997
        ]
      },
      "id": "way/601346473"
    },
    {
      "type": "Feature",
      "properties": {
        "@id": "way/602128885",
        "highway": "services",
        "@geometry": "center"
      },
      "geometry": {
        "type": "Point",
        "coordinates": [
          -2.4655207,
          37.5920289
        ]
      },
      "id": "way/602128885"
    },
    {
      "type": "Feature",
      "properties": {
        "@id": "way/604049447",
        "highway": "services",
        "@geometry": "center"
      },
      "geometry": {
        "type": "Point",
        "coordinates": [
          -3.904402,
          40.604937
        ]
      },
      "id": "way/604049447"
    },
    {
      "type": "Feature",
      "properties": {
        "@id": "way/607798978",
        "addr:housenumber": "12",
        "addr:postcode": "29011",
        "addr:street": "Avenida de Valle-Inclán",
        "amenity": "fuel",
        "brand": "Repsol",
        "brand:wikidata": "Q174747",
        "brand:wikipedia": "es:Repsol",
        "highway": "services",
        "name": "Repsol",
        "opening_hours": "24/7",
        "operator": "Repsol",
        "roof:colour": "#9C7C7B",
        "roof:material": "metal",
        "roof:shape": "flat",
        "wheelchair": "yes",
        "@geometry": "center"
      },
      "geometry": {
        "type": "Point",
        "coordinates": [
          -4.4344261,
          36.7362589
        ]
      },
      "id": "way/607798978"
    },
    {
      "type": "Feature",
      "properties": {
        "@id": "way/607929944",
        "highway": "services",
        "@geometry": "center"
      },
      "geometry": {
        "type": "Point",
        "coordinates": [
          -15.6980214,
          27.7995005
        ]
      },
      "id": "way/607929944"
    },
    {
      "type": "Feature",
      "properties": {
        "@id": "way/607929947",
        "highway": "services",
        "@geometry": "center"
      },
      "geometry": {
        "type": "Point",
        "coordinates": [
          -15.6994256,
          27.7990085
        ]
      },
      "id": "way/607929947"
    },
    {
      "type": "Feature",
      "properties": {
        "@id": "way/613867369",
        "amenity": "fuel",
        "brand": "Repsol",
        "brand:wikidata": "Q174747",
        "brand:wikipedia": "es:Repsol",
        "highway": "services",
        "name": "Repsol",
        "opening_hours": "24/7",
        "operator": "Repsol",
        "source": "Ministerio de Industria, Turismo y Comercio",
        "source:date": "2008-08-11",
        "@geometry": "center"
      },
      "geometry": {
        "type": "Point",
        "coordinates": [
          -4.4418696,
          36.8129689
        ]
      },
      "id": "way/613867369"
    },
    {
      "type": "Feature",
      "properties": {
        "@id": "way/614988977",
        "highway": "services",
        "name": "El Mirador",
        "@geometry": "center"
      },
      "geometry": {
        "type": "Point",
        "coordinates": [
          -3.2665403,
          37.3227561
        ]
      },
      "id": "way/614988977"
    },
    {
      "type": "Feature",
      "properties": {
        "@id": "way/615518794",
        "highway": "services",
        "@geometry": "center"
      },
      "geometry": {
        "type": "Point",
        "coordinates": [
          -4.0281349,
          40.6252633
        ]
      },
      "id": "way/615518794"
    },
    {
      "type": "Feature",
      "properties": {
        "@id": "way/617091473",
        "highway": "services",
        "@geometry": "center"
      },
      "geometry": {
        "type": "Point",
        "coordinates": [
          -7.7949236,
          42.193702
        ]
      },
      "id": "way/617091473"
    },
    {
      "type": "Feature",
      "properties": {
        "@id": "way/617912264",
        "highway": "services",
        "toilets": "yes",
        "@geometry": "center"
      },
      "geometry": {
        "type": "Point",
        "coordinates": [
          -0.8387722,
          38.5736028
        ]
      },
      "id": "way/617912264"
    },
    {
      "type": "Feature",
      "properties": {
        "@id": "way/619135807",
        "highway": "services",
        "name": "E.S. Carrefour Móstoles",
        "operator": "Carrefour",
        "@geometry": "center"
      },
      "geometry": {
        "type": "Point",
        "coordinates": [
          -3.8886163,
          40.3295822
        ]
      },
      "id": "way/619135807"
    },
    {
      "type": "Feature",
      "properties": {
        "@id": "way/619831206",
        "highway": "services",
        "name": "Estación de Servicio Guadix Norte",
        "@geometry": "center"
      },
      "geometry": {
        "type": "Point",
        "coordinates": [
          -3.1527138,
          37.3203872
        ]
      },
      "id": "way/619831206"
    },
    {
      "type": "Feature",
      "properties": {
        "@id": "way/619831207",
        "highway": "services",
        "name": "Estación de Servicio Guadix Sur",
        "@geometry": "center"
      },
      "geometry": {
        "type": "Point",
        "coordinates": [
          -3.1574778,
          37.3196922
        ]
      },
      "id": "way/619831207"
    },
    {
      "type": "Feature",
      "properties": {
        "@id": "way/622513813",
        "highway": "services",
        "opening_hours": "24/7",
        "operator": "Shell",
        "toilets": "yes",
        "@geometry": "center"
      },
      "geometry": {
        "type": "Point",
        "coordinates": [
          -5.6007641,
          42.3239423
        ]
      },
      "id": "way/622513813"
    },
    {
      "type": "Feature",
      "properties": {
        "@id": "way/624035025",
        "highway": "services",
        "name": "Área de servicio Segóbriga",
        "@geometry": "center"
      },
      "geometry": {
        "type": "Point",
        "coordinates": [
          -2.7137737,
          39.9037664
        ]
      },
      "id": "way/624035025"
    },
    {
      "type": "Feature",
      "properties": {
        "@id": "way/624105081",
        "highway": "services",
        "operator": "Repsol",
        "@geometry": "center"
      },
      "geometry": {
        "type": "Point",
        "coordinates": [
          -5.0613886,
          43.4568374
        ]
      },
      "id": "way/624105081"
    },
    {
      "type": "Feature",
      "properties": {
        "@id": "way/629812529",
        "highway": "services",
        "name": "Área de servicio de Fombellida",
        "wikimedia_commons": "File:Área de servicio Fombellida 02.jpg",
        "@geometry": "center"
      },
      "geometry": {
        "type": "Point",
        "coordinates": [
          -4.1234461,
          42.9397281
        ]
      },
      "id": "way/629812529"
    },
    {
      "type": "Feature",
      "properties": {
        "@id": "way/630369712",
        "amenity": "fuel",
        "brand": "Repsol",
        "brand:wikidata": "Q174747",
        "brand:wikipedia": "es:Repsol",
        "fuel:GTL_diesel": "yes",
        "fuel:diesel": "yes",
        "fuel:octane_95": "yes",
        "fuel:octane_98": "yes",
        "highway": "services",
        "name": "Repsol",
        "opening_hours": "24/7",
        "operator": "Repsol",
        "source": "Ministerio de Industria, Turismo y Comercio",
        "source:date": "2010-07-29",
        "@geometry": "center"
      },
      "geometry": {
        "type": "Point",
        "coordinates": [
          -4.4333128,
          36.7080309
        ]
      },
      "id": "way/630369712"
    },
    {
      "type": "Feature",
      "properties": {
        "@id": "way/633693430",
        "amenity": "fuel",
        "brand": "Moeve",
        "brand:-2024": "Cepsa",
        "brand:website": "https://www.moeve.es",
        "brand:wikidata": "Q608819",
        "brand:wikipedia": "es:Moeve",
        "fuel:GTL_diesel": "yes",
        "fuel:diesel": "yes",
        "fuel:octane_95": "yes",
        "fuel:octane_98": "yes",
        "highway": "services",
        "name": "Estación de Servicio Moeve Alameda Barriguilla",
        "opening_hours": "Mo-Su 06:30-22:30",
        "operator:-2024": "Cepsa",
        "phone": "+34 952341213",
        "source": "https://cercadeti.cepsa.es/567-estacion-de-servicio-cepsa-alameda-barriguilla",
        "@geometry": "center"
      },
      "geometry": {
        "type": "Point",
        "coordinates": [
          -4.4571106,
          36.7149461
        ]
      },
      "id": "way/633693430"
    },
    {
      "type": "Feature",
      "properties": {
        "@id": "way/634964676",
        "highway": "services",
        "name": "Área de descanso de Valdepeñas",
        "toilets": "yes",
        "@geometry": "center"
      },
      "geometry": {
        "type": "Point",
        "coordinates": [
          -3.4461377,
          38.675055
        ]
      },
      "id": "way/634964676"
    },
    {
      "type": "Feature",
      "properties": {
        "@id": "way/636554148",
        "highway": "services",
        "toilets": "yes",
        "@geometry": "center"
      },
      "geometry": {
        "type": "Point",
        "coordinates": [
          -2.6480672,
          42.8496281
        ]
      },
      "id": "way/636554148"
    },
    {
      "type": "Feature",
      "properties": {
        "@id": "way/636581669",
        "highway": "services",
        "@geometry": "center"
      },
      "geometry": {
        "type": "Point",
        "coordinates": [
          -1.6454802,
          42.797479
        ]
      },
      "id": "way/636581669"
    },
    {
      "type": "Feature",
      "properties": {
        "@id": "way/644913226",
        "highway": "services",
        "toilets": "yes",
        "@geometry": "center"
      },
      "geometry": {
        "type": "Point",
        "coordinates": [
          -4.1098029,
          40.5435453
        ]
      },
      "id": "way/644913226"
    },
    {
      "type": "Feature",
      "properties": {
        "@id": "way/645595049",
        "highway": "services",
        "operator": "Repsol",
        "toilets": "no",
        "@geometry": "center"
      },
      "geometry": {
        "type": "Point",
        "coordinates": [
          -3.9268574,
          40.5742319
        ]
      },
      "id": "way/645595049"
    },
    {
      "type": "Feature",
      "properties": {
        "@id": "way/646574120",
        "highway": "services",
        "@geometry": "center"
      },
      "geometry": {
        "type": "Point",
        "coordinates": [
          -2.6937107,
          42.8490388
        ]
      },
      "id": "way/646574120"
    },
    {
      "type": "Feature",
      "properties": {
        "@id": "way/651955811",
        "highway": "services",
        "name": "Área de servicio de Gornazo",
        "@geometry": "center"
      },
      "geometry": {
        "type": "Point",
        "coordinates": [
          -3.9873072,
          43.4076262
        ]
      },
      "id": "way/651955811"
    },
    {
      "type": "Feature",
      "properties": {
        "@id": "way/651955818",
        "highway": "services",
        "name": "Área de servicio de Gornazo",
        "@geometry": "center"
      },
      "geometry": {
        "type": "Point",
        "coordinates": [
          -3.9866769,
          43.4065609
        ]
      },
      "id": "way/651955818"
    },
    {
      "type": "Feature",
      "properties": {
        "@id": "way/653472940",
        "highway": "services",
        "@geometry": "center"
      },
      "geometry": {
        "type": "Point",
        "coordinates": [
          -2.6324831,
          42.8524996
        ]
      },
      "id": "way/653472940"
    },
    {
      "type": "Feature",
      "properties": {
        "@id": "way/656193871",
        "highway": "services",
        "name": "Area de Uclés 90",
        "@geometry": "center"
      },
      "geometry": {
        "type": "Point",
        "coordinates": [
          -2.9260074,
          39.9611718
        ]
      },
      "id": "way/656193871"
    },
    {
      "type": "Feature",
      "properties": {
        "@id": "way/659803422",
        "addr:postcode": "50220",
        "addr:street": "Autovía del Nordeste Km. 197.2",
        "highway": "services",
        "@geometry": "center"
      },
      "geometry": {
        "type": "Point",
        "coordinates": [
          -2.0019867,
          41.3128349
        ]
      },
      "id": "way/659803422"
    },
    {
      "type": "Feature",
      "properties": {
        "@id": "way/659803429",
        "addr:postcode": "50220",
        "addr:street": "Autovía del Nordeste Km. 197.2",
        "highway": "services",
        "landuse": "retail",
        "name": "Estación de Servicio Ariza I",
        "@geometry": "center"
      },
      "geometry": {
        "type": "Point",
        "coordinates": [
          -2.0022901,
          41.311385
        ]
      },
      "id": "way/659803429"
    },
    {
      "type": "Feature",
      "properties": {
        "@id": "way/660971986",
        "highway": "services",
        "name": "Área 117 Petromiralles",
        "@geometry": "center"
      },
      "geometry": {
        "type": "Point",
        "coordinates": [
          -2.6160802,
          40.9724624
        ]
      },
      "id": "way/660971986"
    },
    {
      "type": "Feature",
      "properties": {
        "@id": "way/674533096",
        "highway": "services",
        "@geometry": "center"
      },
      "geometry": {
        "type": "Point",
        "coordinates": [
          -8.40236,
          43.3336367
        ]
      },
      "id": "way/674533096"
    },
    {
      "type": "Feature",
      "properties": {
        "@id": "way/676196164",
        "contact:facebook": "https://www.facebook.com/CiudadHuescarLowCost",
        "highway": "services",
        "name": "Área de Servicio Ciudad de Huéscar",
        "opening_hours": "24/7",
        "phone": "+34 606 02 34 71",
        "@geometry": "center"
      },
      "geometry": {
        "type": "Point",
        "coordinates": [
          -2.5427528,
          37.7790442
        ]
      },
      "id": "way/676196164"
    },
    {
      "type": "Feature",
      "properties": {
        "@id": "way/676905544",
        "highway": "services",
        "@geometry": "center"
      },
      "geometry": {
        "type": "Point",
        "coordinates": [
          -8.4162371,
          43.3365016
        ]
      },
      "id": "way/676905544"
    },
    {
      "type": "Feature",
      "properties": {
        "@id": "way/677047441",
        "brand": "BP",
        "brand:website": "https://www.bp.com",
        "brand:wikidata": "Q152057",
        "brand:wikipedia": "es:BP",
        "highway": "services",
        "operator": "BP",
        "toilets": "yes",
        "@geometry": "center"
      },
      "geometry": {
        "type": "Point",
        "coordinates": [
          -0.4537622,
          38.3755276
        ]
      },
      "id": "way/677047441"
    },
    {
      "type": "Feature",
      "properties": {
        "@id": "way/678026988",
        "highway": "services",
        "@geometry": "center"
      },
      "geometry": {
        "type": "Point",
        "coordinates": [
          -2.7226797,
          42.829447
        ]
      },
      "id": "way/678026988"
    },
    {
      "type": "Feature",
      "properties": {
        "@id": "way/681027586",
        "highway": "services",
        "toilets": "yes",
        "@geometry": "center"
      },
      "geometry": {
        "type": "Point",
        "coordinates": [
          -0.808262,
          38.5321728
        ]
      },
      "id": "way/681027586"
    },
    {
      "type": "Feature",
      "properties": {
        "@id": "way/682463054",
        "brand:-2024": "Cepsa",
        "brand:website": "https://www.moeve.es",
        "compressed_air": "yes",
        "highway": "services",
        "name:-2024": "Cepsa",
        "wheelchair": "yes",
        "@geometry": "center"
      },
      "geometry": {
        "type": "Point",
        "coordinates": [
          -1.6768277,
          42.8067771
        ]
      },
      "id": "way/682463054"
    },
    {
      "type": "Feature",
      "properties": {
        "@id": "way/682515652",
        "highway": "services",
        "@geometry": "center"
      },
      "geometry": {
        "type": "Point",
        "coordinates": [
          -6.8744585,
          40.2145423
        ]
      },
      "id": "way/682515652"
    },
    {
      "type": "Feature",
      "properties": {
        "@id": "way/683290790",
        "highway": "services",
        "name": "Área de servicio de Gor",
        "@geometry": "center"
      },
      "geometry": {
        "type": "Point",
        "coordinates": [
          -3.028561,
          37.3947716
        ]
      },
      "id": "way/683290790"
    },
    {
      "type": "Feature",
      "properties": {
        "@id": "way/683290791",
        "highway": "services",
        "name": "Área de servicio de Gor",
        "@geometry": "center"
      },
      "geometry": {
        "type": "Point",
        "coordinates": [
          -3.0280321,
          37.3934092
        ]
      },
      "id": "way/683290791"
    },
    {
      "type": "Feature",
      "properties": {
        "@id": "way/685525233",
        "highway": "services",
        "name": "Estación de servicio De la Vega",
        "@geometry": "center"
      },
      "geometry": {
        "type": "Point",
        "coordinates": [
          -4.858086,
          43.4326006
        ]
      },
      "id": "way/685525233"
    },
    {
      "type": "Feature",
      "properties": {
        "@id": "way/685525237",
        "highway": "services",
        "name": "Estación de servicio De la Vega 2",
        "toilets": "yes",
        "@geometry": "center"
      },
      "geometry": {
        "type": "Point",
        "coordinates": [
          -4.857726,
          43.4314992
        ]
      },
      "id": "way/685525237"
    },
    {
      "type": "Feature",
      "properties": {
        "@id": "way/687931054",
        "highway": "services",
        "name": "EXIT Los Abades de La Gineta",
        "toilets": "yes",
        "@geometry": "center"
      },
      "geometry": {
        "type": "Point",
        "coordinates": [
          -2.0389718,
          39.1353602
        ]
      },
      "id": "way/687931054"
    },
    {
      "type": "Feature",
      "properties": {
        "@id": "way/691541956",
        "highway": "services",
        "@geometry": "center"
      },
      "geometry": {
        "type": "Point",
        "coordinates": [
          -1.3131626,
          37.9126862
        ]
      },
      "id": "way/691541956"
    },
    {
      "type": "Feature",
      "properties": {
        "@id": "way/693636061",
        "highway": "services",
        "@geometry": "center"
      },
      "geometry": {
        "type": "Point",
        "coordinates": [
          -2.5558119,
          36.9498542
        ]
      },
      "id": "way/693636061"
    },
    {
      "type": "Feature",
      "properties": {
        "@id": "way/694039358",
        "highway": "services",
        "name": "Área de servicio Moncalián - La Pausa",
        "@geometry": "center"
      },
      "geometry": {
        "type": "Point",
        "coordinates": [
          -3.5418985,
          43.4115133
        ]
      },
      "id": "way/694039358"
    },
    {
      "type": "Feature",
      "properties": {
        "@id": "way/696044788",
        "highway": "services",
        "@geometry": "center"
      },
      "geometry": {
        "type": "Point",
        "coordinates": [
          -3.9342641,
          42.8051049
        ]
      },
      "id": "way/696044788"
    },
    {
      "type": "Feature",
      "properties": {
        "@id": "way/696405392",
        "highway": "services",
        "@geometry": "center"
      },
      "geometry": {
        "type": "Point",
        "coordinates": [
          -3.4190644,
          39.2303041
        ]
      },
      "id": "way/696405392"
    },
    {
      "type": "Feature",
      "properties": {
        "@id": "way/700516250",
        "highway": "services",
        "kids_area": "no",
        "@geometry": "center"
      },
      "geometry": {
        "type": "Point",
        "coordinates": [
          -0.8123316,
          38.1961614
        ]
      },
      "id": "way/700516250"
    },
    {
      "type": "Feature",
      "properties": {
        "@id": "way/700586969",
        "highway": "services",
        "kids_area": "no",
        "@geometry": "center"
      },
      "geometry": {
        "type": "Point",
        "coordinates": [
          -0.8125527,
          38.1928618
        ]
      },
      "id": "way/700586969"
    },
    {
      "type": "Feature",
      "properties": {
        "@id": "way/702281865",
        "highway": "services",
        "@geometry": "center"
      },
      "geometry": {
        "type": "Point",
        "coordinates": [
          -1.3075023,
          40.8376455
        ]
      },
      "id": "way/702281865"
    },
    {
      "type": "Feature",
      "properties": {
        "@id": "way/706195801",
        "highway": "services",
        "name": "Venta del Peral II",
        "website": "http://ventadelperal.com",
        "@geometry": "center"
      },
      "geometry": {
        "type": "Point",
        "coordinates": [
          -2.6146478,
          37.5533908
        ]
      },
      "id": "way/706195801"
    },
    {
      "type": "Feature",
      "properties": {
        "@id": "way/706507255",
        "highway": "services",
        "name": "Venta del Peral I",
        "website": "http://ventadelperal.com",
        "@geometry": "center"
      },
      "geometry": {
        "type": "Point",
        "coordinates": [
          -2.6090159,
          37.553853
        ]
      },
      "id": "way/706507255"
    },
    {
      "type": "Feature",
      "properties": {
        "@id": "way/709622825",
        "highway": "services",
        "@geometry": "center"
      },
      "geometry": {
        "type": "Point",
        "coordinates": [
          -0.8673209,
          38.1257184
        ]
      },
      "id": "way/709622825"
    },
    {
      "type": "Feature",
      "properties": {
        "@id": "way/711083399",
        "addr:housenumber": "2",
        "addr:postcode": "29004",
        "addr:street": "Calle Licurgo",
        "amenity": "fuel",
        "brand": "Petroprix",
        "brand:wikidata": "Q128327113",
        "highway": "services",
        "name": "Petroprix Málaga Santa Bárbara",
        "phone": "+34 953379391",
        "@geometry": "center"
      },
      "geometry": {
        "type": "Point",
        "coordinates": [
          -4.4624573,
          36.6933648
        ]
      },
      "id": "way/711083399"
    },
    {
      "type": "Feature",
      "properties": {
        "@id": "way/711085089",
        "addr:housenumber": "31",
        "addr:street": "Calle Hermanos Lumiere",
        "amenity": "fuel",
        "brand": "Repsol",
        "brand:wikidata": "Q174747",
        "brand:wikipedia": "es:Repsol",
        "fuel:GTL_diesel": "yes",
        "fuel:diesel": "yes",
        "fuel:octane_95": "yes",
        "fuel:octane_98": "yes",
        "highway": "services",
        "name": "Repsol",
        "opening_hours": "Mo-Su 06:00-22:00",
        "operator": "Repsol",
        "source": "Ministerio de Industria, Turismo y Comercio",
        "source:date": "2010-07-29",
        "@geometry": "center"
      },
      "geometry": {
        "type": "Point",
        "coordinates": [
          -4.4633604,
          36.6927631
        ]
      },
      "id": "way/711085089"
    },
    {
      "type": "Feature",
      "properties": {
        "@id": "way/711093721",
        "addr:city": "Málaga",
        "addr:housenumber": "335",
        "addr:postcode": "29004",
        "addr:street": "Avenida de Velázquez",
        "amenity": "fuel",
        "brand": "Repsol",
        "brand:wikidata": "Q174747",
        "brand:wikipedia": "es:Repsol",
        "fuel:GTL_diesel": "yes",
        "fuel:diesel": "yes",
        "fuel:octane_95": "yes",
        "fuel:octane_98": "yes",
        "highway": "services",
        "name": "Repsol",
        "opening_hours": "24/7",
        "operator": "Repsol",
        "@geometry": "center"
      },
      "geometry": {
        "type": "Point",
        "coordinates": [
          -4.4767024,
          36.6734698
        ]
      },
      "id": "way/711093721"
    },
    {
      "type": "Feature",
      "properties": {
        "@id": "way/711628269",
        "highway": "services",
        "name": "Área de servicio Valdáliga",
        "@geometry": "center"
      },
      "geometry": {
        "type": "Point",
        "coordinates": [
          -4.3317468,
          43.3343573
        ]
      },
      "id": "way/711628269"
    },
    {
      "type": "Feature",
      "properties": {
        "@id": "way/711628270",
        "highway": "services",
        "name": "Área de servicio Valdáliga",
        "@geometry": "center"
      },
      "geometry": {
        "type": "Point",
        "coordinates": [
          -4.3298411,
          43.3347011
        ]
      },
      "id": "way/711628270"
    },
    {
      "type": "Feature",
      "properties": {
        "@id": "way/711822206",
        "highway": "services",
        "name": "Area 107",
        "@geometry": "center"
      },
      "geometry": {
        "type": "Point",
        "coordinates": [
          -2.7144956,
          40.9272921
        ]
      },
      "id": "way/711822206"
    },
    {
      "type": "Feature",
      "properties": {
        "@id": "way/714460716",
        "addr:full": "Carretera N-348, M.D. Ramal Aeropuerto",
        "amenity": "fuel",
        "brand": "BP",
        "brand:website": "https://www.bp.com",
        "brand:wikidata": "Q152057",
        "brand:wikipedia": "es:BP",
        "fuel:GTL_diesel": "yes",
        "fuel:diesel": "yes",
        "fuel:octane_95": "yes",
        "fuel:octane_98": "yes",
        "highway": "services",
        "name": "BP Aeropuerto Málaga",
        "opening_hours": "24/7",
        "operator": "BP",
        "source": "Ministerio de Industria, Turismo y Comercio",
        "source:date": "2010-07-29",
        "@geometry": "center"
      },
      "geometry": {
        "type": "Point",
        "coordinates": [
          -4.4866571,
          36.6749957
        ]
      },
      "id": "way/714460716"
    },
    {
      "type": "Feature",
      "properties": {
        "@id": "way/715063289",
        "highway": "services",
        "@geometry": "center"
      },
      "geometry": {
        "type": "Point",
        "coordinates": [
          -0.6640511,
          38.0993493
        ]
      },
      "id": "way/715063289"
    },
    {
      "type": "Feature",
      "properties": {
        "@id": "way/732667025",
        "addr:city": "A Coruña",
        "addr:housenumber": "2A",
        "addr:postcode": "15011",
        "addr:street": "Rúa Alfonso Rodríguez Castelao",
        "highway": "services",
        "source:addr": "https://ide.coruna.es/descargas/cambioscallejero/CodVia_1394_20171024.pdf",
        "toilets": "no",
        "@geometry": "center"
      },
      "geometry": {
        "type": "Point",
        "coordinates": [
          -8.4283713,
          43.3734274
        ]
      },
      "id": "way/732667025"
    },
    {
      "type": "Feature",
      "properties": {
        "@id": "way/733946173",
        "alt_name": "Abades Sierra Espuña - Levante",
        "highway": "services",
        "name": "Abades Sierra Espuña - Norte",
        "operator": "Abades Áreas",
        "toilets": "yes",
        "@geometry": "center"
      },
      "geometry": {
        "type": "Point",
        "coordinates": [
          -1.4278796,
          37.7945802
        ]
      },
      "id": "way/733946173"
    },
    {
      "type": "Feature",
      "properties": {
        "@id": "way/736574942",
        "highway": "services",
        "@geometry": "center"
      },
      "geometry": {
        "type": "Point",
        "coordinates": [
          -7.3362638,
          43.2966177
        ]
      },
      "id": "way/736574942"
    },
    {
      "type": "Feature",
      "properties": {
        "@id": "way/737636309",
        "addr:housenumber": "67",
        "addr:postcode": "29140",
        "addr:street": "Carretera de Coín",
        "amenity": "fuel",
        "brand": "BP",
        "brand:wikidata": "Q152057",
        "brand:wikipedia": "es:BP",
        "fuel:GTL_diesel": "yes",
        "fuel:diesel": "yes",
        "fuel:octane_95": "yes",
        "fuel:octane_98": "yes",
        "highway": "services",
        "name": "Gasolinera Coloso",
        "opening_hours": "24/7",
        "operator": "BP",
        "source": "Ministerio de Industria, Turismo y Comercio",
        "source:date": "2010-08-06",
        "@geometry": "center"
      },
      "geometry": {
        "type": "Point",
        "coordinates": [
          -4.5022642,
          36.6607955
        ]
      },
      "id": "way/737636309"
    },
    {
      "type": "Feature",
      "properties": {
        "@id": "way/738866593",
        "highway": "services",
        "operator": "Repsol",
        "toilets": "yes",
        "@geometry": "center"
      },
      "geometry": {
        "type": "Point",
        "coordinates": [
          -3.917384,
          40.5683135
        ]
      },
      "id": "way/738866593"
    },
    {
      "type": "Feature",
      "properties": {
        "@id": "way/741849302",
        "highway": "services",
        "toilets": "yes",
        "@geometry": "center"
      },
      "geometry": {
        "type": "Point",
        "coordinates": [
          -1.7581046,
          38.9377747
        ]
      },
      "id": "way/741849302"
    },
    {
      "type": "Feature",
      "properties": {
        "@id": "way/742355870",
        "highway": "services",
        "@geometry": "center"
      },
      "geometry": {
        "type": "Point",
        "coordinates": [
          -1.9527843,
          39.5188915
        ]
      },
      "id": "way/742355870"
    },
    {
      "type": "Feature",
      "properties": {
        "@id": "way/742356148",
        "highway": "services",
        "name": "Área de Servicio Motillana",
        "@geometry": "center"
      },
      "geometry": {
        "type": "Point",
        "coordinates": [
          -1.8993328,
          39.5390275
        ]
      },
      "id": "way/742356148"
    },
    {
      "type": "Feature",
      "properties": {
        "@id": "way/742356414",
        "highway": "services",
        "@geometry": "center"
      },
      "geometry": {
        "type": "Point",
        "coordinates": [
          -2.5829611,
          39.2555157
        ]
      },
      "id": "way/742356414"
    },
    {
      "type": "Feature",
      "properties": {
        "@id": "way/745615507",
        "hgv": "yes",
        "highway": "services",
        "@geometry": "center"
      },
      "geometry": {
        "type": "Point",
        "coordinates": [
          -0.7906913,
          38.2336949
        ]
      },
      "id": "way/745615507"
    },
    {
      "type": "Feature",
      "properties": {
        "@id": "way/746375795",
        "highway": "services",
        "toilets": "yes",
        "@geometry": "center"
      },
      "geometry": {
        "type": "Point",
        "coordinates": [
          -3.70693,
          42.2260861
        ]
      },
      "id": "way/746375795"
    },
    {
      "type": "Feature",
      "properties": {
        "@id": "way/747132556",
        "highway": "services",
        "@geometry": "center"
      },
      "geometry": {
        "type": "Point",
        "coordinates": [
          -3.7039039,
          41.824985
        ]
      },
      "id": "way/747132556"
    },
    {
      "type": "Feature",
      "properties": {
        "@id": "way/749723602",
        "highway": "services",
        "opening_hours": "24/7",
        "@geometry": "center"
      },
      "geometry": {
        "type": "Point",
        "coordinates": [
          -1.0355055,
          38.1021064
        ]
      },
      "id": "way/749723602"
    },
    {
      "type": "Feature",
      "properties": {
        "@id": "way/749723603",
        "highway": "services",
        "opening_hours": "24/7",
        "toilets": "yes",
        "@geometry": "center"
      },
      "geometry": {
        "type": "Point",
        "coordinates": [
          -1.0350903,
          38.1012762
        ]
      },
      "id": "way/749723603"
    },
    {
      "type": "Feature",
      "properties": {
        "@id": "way/750033804",
        "addr:housenumber": "441",
        "addr:postcode": "29006",
        "addr:street": "Avenida José Ortega y Gasset",
        "amenity": "fuel",
        "brand": "BP",
        "brand:wikidata": "Q152057",
        "fuel:GTL_diesel": "yes",
        "fuel:adblue": "yes",
        "fuel:diesel": "yes",
        "fuel:octane_95": "yes",
        "fuel:octane_98": "yes",
        "highway": "services",
        "name": "Estación de Servicio BP Guadalhorce",
        "opening_hours": "24/7",
        "@geometry": "center"
      },
      "geometry": {
        "type": "Point",
        "coordinates": [
          -4.492889,
          36.707472
        ]
      },
      "id": "way/750033804"
    },
    {
      "type": "Feature",
      "properties": {
        "@id": "way/752145270",
        "highway": "services",
        "name": "Área de servicio Moeve",
        "opening_hours": "24/7",
        "@geometry": "center"
      },
      "geometry": {
        "type": "Point",
        "coordinates": [
          -2.7383356,
          37.5089104
        ]
      },
      "id": "way/752145270"
    },
    {
      "type": "Feature",
      "properties": {
        "@id": "way/753933138",
        "addr:city": "Málaga",
        "addr:housenumber": "1",
        "addr:street": "Calle Concepción Arenal",
        "amenity": "fuel",
        "brand": "Repsol",
        "brand:wikidata": "Q174747",
        "brand:wikipedia": "es:Repsol",
        "fuel:GTL_diesel": "yes",
        "fuel:diesel": "yes",
        "fuel:lpg": "yes",
        "fuel:octane_95": "yes",
        "fuel:octane_98": "yes",
        "highway": "services",
        "name": "Repsol",
        "opening_hours": "Mo-Su 06:00-22:00",
        "operator": "Repsol",
        "source": "Ministerio de Industria, Turismo y Comercio",
        "source:date": "2010-07-29",
        "@geometry": "center"
      },
      "geometry": {
        "type": "Point",
        "coordinates": [
          -4.4829736,
          36.6903788
        ]
      },
      "id": "way/753933138"
    },
    {
      "type": "Feature",
      "properties": {
        "@id": "way/754244626",
        "addr:housenumber": "149",
        "addr:postcode": "29004",
        "addr:street": "Avenida de Velázquez",
        "amenity": "fuel",
        "brand": "Moeve",
        "brand:-2024": "Cepsa",
        "brand:website": "https://www.moeve.es",
        "brand:wikidata": "Q608819",
        "brand:wikipedia": "es:Moeve",
        "fuel:GTL_diesel": "yes",
        "fuel:diesel": "yes",
        "fuel:octane_95": "yes",
        "fuel:octane_98": "yes",
        "highway": "services",
        "name": "Moeve",
        "name:-2024": "Cepsa",
        "opening_hours": "24/7",
        "operator:-2024": "Cepsa",
        "source": "Ministerio de Industria, Turismo y Comercio",
        "source:date": "2010-07-29",
        "@geometry": "center"
      },
      "geometry": {
        "type": "Point",
        "coordinates": [
          -4.4597467,
          36.6882797
        ]
      },
      "id": "way/754244626"
    },
    {
      "type": "Feature",
      "properties": {
        "@id": "way/754244627",
        "addr:city": "Málaga",
        "amenity": "fuel",
        "brand": "Carrefour",
        "brand:wikidata": "Q217599",
        "brand:wikipedia": "fr:Carrefour (enseigne)",
        "fuel:diesel": "yes",
        "fuel:octane_95": "yes",
        "fuel:octane_98": "yes",
        "highway": "services",
        "name": "Carrefour",
        "operator": "Carrefour",
        "@geometry": "center"
      },
      "geometry": {
        "type": "Point",
        "coordinates": [
          -4.4587964,
          36.6884626
        ]
      },
      "id": "way/754244627"
    },
    {
      "type": "Feature",
      "properties": {
        "@id": "way/754829008",
        "addr:housenumber": "21",
        "addr:street": "Carretera Azucarera-Intelhorce",
        "amenity": "fuel",
        "brand": "Repsol",
        "brand:wikidata": "Q174747",
        "brand:wikipedia": "es:Repsol",
        "fuel:GTL_diesel": "yes",
        "fuel:diesel": "yes",
        "fuel:octane_95": "yes",
        "fuel:octane_98": "yes",
        "highway": "services",
        "name": "Repsol",
        "opening_hours": "24/7",
        "operator": "Repsol",
        "source": "Ministerio de Industria, Turismo y Comercio",
        "source:date": "2010-08-06",
        "@geometry": "center"
      },
      "geometry": {
        "type": "Point",
        "coordinates": [
          -4.4942626,
          36.6954616
        ]
      },
      "id": "way/754829008"
    },
    {
      "type": "Feature",
      "properties": {
        "@id": "way/757534894",
        "addr:housenumber": "194",
        "addr:street": "Avenida de Velázquez",
        "amenity": "fuel",
        "brand": "Shell",
        "brand:website": "https://www.shell.es",
        "brand:wikidata": "Q110716465",
        "brand:wikipedia": "es:Royal Dutch Shell",
        "check_date": "2018-06-06",
        "fuel:diesel": "yes",
        "fuel:octane_95": "yes",
        "fuel:octane_98": "yes",
        "highway": "services",
        "name": "Shell",
        "opening_hours": "Mo-Su 07:00-21:00",
        "operator": "Disa",
        "operator:website": "https://www.disagrupo.es",
        "operator:wikidata": "Q5797102",
        "operator:wikipedia": "es:DISA (empresa)",
        "@geometry": "center"
      },
      "geometry": {
        "type": "Point",
        "coordinates": [
          -4.4667928,
          36.6840821
        ]
      },
      "id": "way/757534894"
    },
    {
      "type": "Feature",
      "properties": {
        "@id": "way/757826649",
        "addr:city": "Málaga",
        "addr:housenumber": "36",
        "addr:postcode": "29004",
        "addr:street": "Calle Tucídides",
        "amenity": "fuel",
        "brand": "Galp",
        "brand:wikidata": "Q1492739",
        "fuel:GTL_diesel": "yes",
        "fuel:diesel": "yes",
        "fuel:octane_95": "yes",
        "highway": "services",
        "name": "Galp",
        "opening_hours": "24/7",
        "self_service": "yes",
        "@geometry": "center"
      },
      "geometry": {
        "type": "Point",
        "coordinates": [
          -4.461994,
          36.6916452
        ]
      },
      "id": "way/757826649"
    },
    {
      "type": "Feature",
      "properties": {
        "@id": "way/758670653",
        "addr:housenumber": "70",
        "addr:postcode": "29004",
        "addr:street": "Calle Diderot",
        "amenity": "fuel",
        "highway": "services",
        "name": "Estación de Servicio Las Palmeras",
        "@geometry": "center"
      },
      "geometry": {
        "type": "Point",
        "coordinates": [
          -4.4748598,
          36.6946353
        ]
      },
      "id": "way/758670653"
    },
    {
      "type": "Feature",
      "properties": {
        "@id": "way/759986032",
        "highway": "services",
        "name": "Àrea de Servei La Ribera",
        "name:ca": "Àrea de Servei La Ribera",
        "name:es": "Área de Servicio La Ribera",
        "@geometry": "center"
      },
      "geometry": {
        "type": "Point",
        "coordinates": [
          0.1394118,
          40.1327137
        ]
      },
      "id": "way/759986032"
    },
    {
      "type": "Feature",
      "properties": {
        "@id": "way/760826361",
        "highway": "services",
        "name": "Venta del Pino",
        "@geometry": "center"
      },
      "geometry": {
        "type": "Point",
        "coordinates": [
          -2.6186323,
          37.1123218
        ]
      },
      "id": "way/760826361"
    },
    {
      "type": "Feature",
      "properties": {
        "@id": "way/760944490",
        "compressed_air": "yes",
        "highway": "services",
        "@geometry": "center"
      },
      "geometry": {
        "type": "Point",
        "coordinates": [
          -1.6330856,
          42.7744867
        ]
      },
      "id": "way/760944490"
    },
    {
      "type": "Feature",
      "properties": {
        "@id": "way/769437980",
        "highway": "services",
        "name": "Estación de Servicio Los Ibones",
        "operator": "Zoilo Ríos",
        "website": "https://www.zoilorios.com/estaciones-de-servicio/estacion-de-servicio-los-ibones",
        "@geometry": "center"
      },
      "geometry": {
        "type": "Point",
        "coordinates": [
          -0.9272584,
          41.6608804
        ]
      },
      "id": "way/769437980"
    },
    {
      "type": "Feature",
      "properties": {
        "@id": "way/784759318",
        "contact:phone": "+34 955 91 32 17",
        "highway": "services",
        "landuse": "commercial",
        "name": "Área de Servicio El Hacho",
        "@geometry": "center"
      },
      "geometry": {
        "type": "Point",
        "coordinates": [
          -4.8386217,
          37.2766337
        ]
      },
      "id": "way/784759318"
    },
    {
      "type": "Feature",
      "properties": {
        "@id": "way/784846800",
        "contact:mobile": "+34 673198547",
        "contact:phone": "+34 982 303102",
        "contact:website": "https://areadeservicio497.es/",
        "highway": "services",
        "name": "Área de Servizo A Campiña 497",
        "operator": "Fuel Express",
        "toilets": "yes",
        "@geometry": "center"
      },
      "geometry": {
        "type": "Point",
        "coordinates": [
          -7.5277147,
          43.0375779
        ]
      },
      "id": "way/784846800"
    },
    {
      "type": "Feature",
      "properties": {
        "@id": "way/785851092",
        "highway": "services",
        "name": "Área de Servicio de Muñogrande",
        "toilets": "yes",
        "@geometry": "center"
      },
      "geometry": {
        "type": "Point",
        "coordinates": [
          -4.9367128,
          40.8285651
        ]
      },
      "id": "way/785851092"
    },
    {
      "type": "Feature",
      "properties": {
        "@id": "way/786142531",
        "highway": "services",
        "name": "Área de Servizo O Rei das Tartas",
        "toilets": "yes",
        "@geometry": "center"
      },
      "geometry": {
        "type": "Point",
        "coordinates": [
          -7.4268222,
          43.3797339
        ]
      },
      "id": "way/786142531"
    },
    {
      "type": "Feature",
      "properties": {
        "@id": "way/788505778",
        "highway": "services",
        "operator": "Repsol",
        "toilets": "yes",
        "@geometry": "center"
      },
      "geometry": {
        "type": "Point",
        "coordinates": [
          -3.6962687,
          40.3829693
        ]
      },
      "id": "way/788505778"
    },
    {
      "type": "Feature",
      "properties": {
        "@id": "way/791575180",
        "highway": "services",
        "operator": "Repsol",
        "@geometry": "center"
      },
      "geometry": {
        "type": "Point",
        "coordinates": [
          -3.1530916,
          40.1203778
        ]
      },
      "id": "way/791575180"
    },
    {
      "type": "Feature",
      "properties": {
        "@id": "way/792347117",
        "highway": "services",
        "operator": "Repsol",
        "toilets": "yes",
        "@geometry": "center"
      },
      "geometry": {
        "type": "Point",
        "coordinates": [
          -3.3767908,
          40.2567598
        ]
      },
      "id": "way/792347117"
    },
    {
      "type": "Feature",
      "properties": {
        "@id": "way/799222807",
        "highway": "services",
        "@geometry": "center"
      },
      "geometry": {
        "type": "Point",
        "coordinates": [
          -4.4440636,
          40.3007361
        ]
      },
      "id": "way/799222807"
    },
    {
      "type": "Feature",
      "properties": {
        "@id": "way/802160965",
        "highway": "services",
        "operator:-2024": "Cepsa",
        "toilets": "yes",
        "@geometry": "center"
      },
      "geometry": {
        "type": "Point",
        "coordinates": [
          -3.9666385,
          40.6855618
        ]
      },
      "id": "way/802160965"
    },
    {
      "type": "Feature",
      "properties": {
        "@id": "way/807511483",
        "highway": "services",
        "operator": "Repsol",
        "toilets": "yes",
        "wheelchair": "yes",
        "@geometry": "center"
      },
      "geometry": {
        "type": "Point",
        "coordinates": [
          -4.0157673,
          40.6366102
        ]
      },
      "id": "way/807511483"
    },
    {
      "type": "Feature",
      "properties": {
        "@id": "way/812917067",
        "highway": "services",
        "@geometry": "center"
      },
      "geometry": {
        "type": "Point",
        "coordinates": [
          -2.5149134,
          39.6782288
        ]
      },
      "id": "way/812917067"
    },
    {
      "type": "Feature",
      "properties": {
        "@id": "way/813964011",
        "highway": "services",
        "@geometry": "center"
      },
      "geometry": {
        "type": "Point",
        "coordinates": [
          -4.4607982,
          40.7973915
        ]
      },
      "id": "way/813964011"
    },
    {
      "type": "Feature",
      "properties": {
        "@id": "way/814641648",
        "highway": "services",
        "@geometry": "center"
      },
      "geometry": {
        "type": "Point",
        "coordinates": [
          -6.1295904,
          42.517172
        ]
      },
      "id": "way/814641648"
    },
    {
      "type": "Feature",
      "properties": {
        "@id": "way/814641649",
        "highway": "services",
        "@geometry": "center"
      },
      "geometry": {
        "type": "Point",
        "coordinates": [
          -6.1285837,
          42.5168655
        ]
      },
      "id": "way/814641649"
    },
    {
      "type": "Feature",
      "properties": {
        "@id": "way/815896140",
        "highway": "services",
        "@geometry": "center"
      },
      "geometry": {
        "type": "Point",
        "coordinates": [
          -2.6578985,
          42.8371673
        ]
      },
      "id": "way/815896140"
    },
    {
      "type": "Feature",
      "properties": {
        "@id": "way/817666828",
        "highway": "services",
        "name": "Área 62",
        "@geometry": "center"
      },
      "geometry": {
        "type": "Point",
        "coordinates": [
          0.0534093,
          42.0250124
        ]
      },
      "id": "way/817666828"
    },
    {
      "type": "Feature",
      "properties": {
        "@id": "way/817814797",
        "highway": "services",
        "operator": "Galp",
        "@geometry": "center"
      },
      "geometry": {
        "type": "Point",
        "coordinates": [
          -4.009307,
          40.6357558
        ]
      },
      "id": "way/817814797"
    },
    {
      "type": "Feature",
      "properties": {
        "@id": "way/818509550",
        "highway": "services",
        "@geometry": "center"
      },
      "geometry": {
        "type": "Point",
        "coordinates": [
          -2.7100845,
          42.8524156
        ]
      },
      "id": "way/818509550"
    },
    {
      "type": "Feature",
      "properties": {
        "@id": "way/818837556",
        "highway": "services",
        "@geometry": "center"
      },
      "geometry": {
        "type": "Point",
        "coordinates": [
          -2.7217187,
          42.8575419
        ]
      },
      "id": "way/818837556"
    },
    {
      "type": "Feature",
      "properties": {
        "@id": "way/825371214",
        "highway": "services",
        "name": "Complejo Leo",
        "@geometry": "center"
      },
      "geometry": {
        "type": "Point",
        "coordinates": [
          -6.2195547,
          38.0285918
        ]
      },
      "id": "way/825371214"
    },
    {
      "type": "Feature",
      "properties": {
        "@id": "way/827861699",
        "highway": "services",
        "@geometry": "center"
      },
      "geometry": {
        "type": "Point",
        "coordinates": [
          -2.2017482,
          37.9985181
        ]
      },
      "id": "way/827861699"
    },
    {
      "type": "Feature",
      "properties": {
        "@id": "way/828175511",
        "highway": "services",
        "@geometry": "center"
      },
      "geometry": {
        "type": "Point",
        "coordinates": [
          -2.1090776,
          38.0010198
        ]
      },
      "id": "way/828175511"
    },
    {
      "type": "Feature",
      "properties": {
        "@id": "way/828175512",
        "highway": "services",
        "@geometry": "center"
      },
      "geometry": {
        "type": "Point",
        "coordinates": [
          -2.1092697,
          38.0013811
        ]
      },
      "id": "way/828175512"
    },
    {
      "type": "Feature",
      "properties": {
        "@id": "way/828175584",
        "highway": "services",
        "@geometry": "center"
      },
      "geometry": {
        "type": "Point",
        "coordinates": [
          -2.2053478,
          37.9988463
        ]
      },
      "id": "way/828175584"
    },
    {
      "type": "Feature",
      "properties": {
        "@id": "way/829960559",
        "highway": "services",
        "name": "Área de Servicio La Montaña",
        "@geometry": "center"
      },
      "geometry": {
        "type": "Point",
        "coordinates": [
          -4.2914968,
          42.7183053
        ]
      },
      "id": "way/829960559"
    },
    {
      "type": "Feature",
      "properties": {
        "@id": "way/831363346",
        "highway": "services",
        "@geometry": "center"
      },
      "geometry": {
        "type": "Point",
        "coordinates": [
          -2.7163596,
          42.8573463
        ]
      },
      "id": "way/831363346"
    },
    {
      "type": "Feature",
      "properties": {
        "@id": "way/833274564",
        "highway": "services",
        "@geometry": "center"
      },
      "geometry": {
        "type": "Point",
        "coordinates": [
          -0.9382025,
          38.729681
        ]
      },
      "id": "way/833274564"
    },
    {
      "type": "Feature",
      "properties": {
        "@id": "way/833274566",
        "highway": "services",
        "@geometry": "center"
      },
      "geometry": {
        "type": "Point",
        "coordinates": [
          -0.9412327,
          38.7294389
        ]
      },
      "id": "way/833274566"
    },
    {
      "type": "Feature",
      "properties": {
        "@id": "way/833274567",
        "highway": "services",
        "name": "El Cruce",
        "@geometry": "center"
      },
      "geometry": {
        "type": "Point",
        "coordinates": [
          -0.9398292,
          38.7301722
        ]
      },
      "id": "way/833274567"
    },
    {
      "type": "Feature",
      "properties": {
        "@id": "way/833279047",
        "highway": "services",
        "@geometry": "center"
      },
      "geometry": {
        "type": "Point",
        "coordinates": [
          -4.0759325,
          39.9073424
        ]
      },
      "id": "way/833279047"
    },
    {
      "type": "Feature",
      "properties": {
        "@id": "way/833537492",
        "addr:housenumber": "30",
        "addr:postcode": "29006",
        "addr:street": "Calle Paquiro",
        "amenity": "fuel",
        "brand": "Shell",
        "brand:website": "https://www.shell.es",
        "brand:wikidata": "Q154950",
        "brand:wikipedia": "es:Royal Dutch Shell",
        "fuel:GTL_diesel": "yes",
        "fuel:diesel": "yes",
        "fuel:octane_95": "yes",
        "highway": "services",
        "name": "Shell",
        "opening_hours": "Mo-Fr 06:00-23:00; Sa-Su 07:00-23:00",
        "operator": "Disa",
        "operator:website": "https://www.disagrupo.es",
        "operator:wikidata": "Q5797102",
        "operator:wikipedia": "es:DISA (empresa)",
        "source": "Ministerio de Industria, Turismo y Comercio",
        "source:date": "2010-08-06",
        "@geometry": "center"
      },
      "geometry": {
        "type": "Point",
        "coordinates": [
          -4.4681574,
          36.6994791
        ]
      },
      "id": "way/833537492"
    },
    {
      "type": "Feature",
      "properties": {
        "@id": "way/836219297",
        "highway": "services",
        "@geometry": "center"
      },
      "geometry": {
        "type": "Point",
        "coordinates": [
          -0.9569283,
          38.7571703
        ]
      },
      "id": "way/836219297"
    },
    {
      "type": "Feature",
      "properties": {
        "@id": "way/836232362",
        "highway": "services",
        "@geometry": "center"
      },
      "geometry": {
        "type": "Point",
        "coordinates": [
          -1.2706496,
          38.5600322
        ]
      },
      "id": "way/836232362"
    },
    {
      "type": "Feature",
      "properties": {
        "@id": "node/839032037",
        "highway": "services",
        "name": "Área de servicio Los Chopos",
        "toilets": "yes"
      },
      "geometry": {
        "type": "Point",
        "coordinates": [
          -4.4740803,
          42.391357
        ]
      },
      "id": "node/839032037"
    },
    {
      "type": "Feature",
      "properties": {
        "@id": "way/844728201",
        "highway": "services",
        "name": "Àrea del Maresme",
        "name:ca": "Àrea del Maresme",
        "@geometry": "center"
      },
      "geometry": {
        "type": "Point",
        "coordinates": [
          2.3336352,
          41.4917253
        ]
      },
      "id": "way/844728201"
    },
    {
      "type": "Feature",
      "properties": {
        "@id": "way/844728202",
        "highway": "services",
        "name": "Àrea del Maresme",
        "name:ca": "Àrea del Maresme",
        "@geometry": "center"
      },
      "geometry": {
        "type": "Point",
        "coordinates": [
          2.3342393,
          41.4930138
        ]
      },
      "id": "way/844728202"
    },
    {
      "type": "Feature",
      "properties": {
        "@id": "way/845464709",
        "highway": "services",
        "toilets": "yes",
        "@geometry": "center"
      },
      "geometry": {
        "type": "Point",
        "coordinates": [
          -1.2883178,
          41.5164875
        ]
      },
      "id": "way/845464709"
    },
    {
      "type": "Feature",
      "properties": {
        "@id": "way/849039475",
        "highway": "services",
        "name": "Área de servicio Agost",
        "toilets": "yes",
        "@geometry": "center"
      },
      "geometry": {
        "type": "Point",
        "coordinates": [
          -0.599632,
          38.4082053
        ]
      },
      "id": "way/849039475"
    },
    {
      "type": "Feature",
      "properties": {
        "@id": "way/849039476",
        "highway": "services",
        "name": "Área de servicio Agost",
        "toilets": "yes",
        "@geometry": "center"
      },
      "geometry": {
        "type": "Point",
        "coordinates": [
          -0.5996655,
          38.4071481
        ]
      },
      "id": "way/849039476"
    },
    {
      "type": "Feature",
      "properties": {
        "@id": "way/853331545",
        "highway": "services",
        "operator": "Repsol",
        "@geometry": "center"
      },
      "geometry": {
        "type": "Point",
        "coordinates": [
          -0.0963128,
          39.895546
        ]
      },
      "id": "way/853331545"
    },
    {
      "type": "Feature",
      "properties": {
        "@id": "way/854048822",
        "highway": "services",
        "@geometry": "center"
      },
      "geometry": {
        "type": "Point",
        "coordinates": [
          -8.6678551,
          43.2510801
        ]
      },
      "id": "way/854048822"
    },
    {
      "type": "Feature",
      "properties": {
        "@id": "way/855333378",
        "highway": "services",
        "toilets": "yes",
        "@geometry": "center"
      },
      "geometry": {
        "type": "Point",
        "coordinates": [
          -5.6852184,
          39.9017192
        ]
      },
      "id": "way/855333378"
    },
    {
      "type": "Feature",
      "properties": {
        "@id": "way/860841923",
        "highway": "services",
        "@geometry": "center"
      },
      "geometry": {
        "type": "Point",
        "coordinates": [
          -6.5958676,
          40.0237353
        ]
      },
      "id": "way/860841923"
    },
    {
      "type": "Feature",
      "properties": {
        "@id": "way/861322838",
        "highway": "services",
        "@geometry": "center"
      },
      "geometry": {
        "type": "Point",
        "coordinates": [
          -6.6764216,
          40.1729097
        ]
      },
      "id": "way/861322838"
    },
    {
      "type": "Feature",
      "properties": {
        "@id": "way/867651059",
        "highway": "services",
        "@geometry": "center"
      },
      "geometry": {
        "type": "Point",
        "coordinates": [
          -0.9286513,
          40.2086027
        ]
      },
      "id": "way/867651059"
    },
    {
      "type": "Feature",
      "properties": {
        "@id": "way/871655680",
        "highway": "services",
        "name": "Estación de Servizo de Antela",
        "@geometry": "center"
      },
      "geometry": {
        "type": "Point",
        "coordinates": [
          -7.7147225,
          42.0782512
        ]
      },
      "id": "way/871655680"
    },
    {
      "type": "Feature",
      "properties": {
        "@id": "way/872182891",
        "highway": "services",
        "@geometry": "center"
      },
      "geometry": {
        "type": "Point",
        "coordinates": [
          0.8033954,
          40.9023482
        ]
      },
      "id": "way/872182891"
    },
    {
      "type": "Feature",
      "properties": {
        "@id": "way/875281758",
        "highway": "services",
        "@geometry": "center"
      },
      "geometry": {
        "type": "Point",
        "coordinates": [
          -2.8357368,
          40.8599598
        ]
      },
      "id": "way/875281758"
    },
    {
      "type": "Feature",
      "properties": {
        "@id": "way/875281759",
        "highway": "services",
        "@geometry": "center"
      },
      "geometry": {
        "type": "Point",
        "coordinates": [
          -2.8357705,
          40.8595155
        ]
      },
      "id": "way/875281759"
    },
    {
      "type": "Feature",
      "properties": {
        "@id": "way/887508561",
        "addr:city": "Málaga",
        "addr:housenumber": "3",
        "addr:postcode": "29006",
        "addr:street": "Calle Caballito de Mar",
        "amenity": "fuel",
        "brand": "Petroprix",
        "brand:wikidata": "Q128327113",
        "highway": "services",
        "name": "Petroprix",
        "phone": "+34 953 90 00 09",
        "website": "https://petroprix.com/",
        "@geometry": "center"
      },
      "geometry": {
        "type": "Point",
        "coordinates": [
          -4.4676616,
          36.7060045
        ]
      },
      "id": "way/887508561"
    },
    {
      "type": "Feature",
      "properties": {
        "@id": "way/889195057",
        "addr:housenumber": "48",
        "addr:postcode": "29006",
        "addr:street": "Calle Marisma",
        "amenity": "fuel",
        "brand": "BP",
        "brand:website": "https://www.bp.com",
        "brand:wikidata": "Q152057",
        "brand:wikipedia": "es:BP",
        "highway": "services",
        "name": "BP",
        "@geometry": "center"
      },
      "geometry": {
        "type": "Point",
        "coordinates": [
          -4.4725446,
          36.71284
        ]
      },
      "id": "way/889195057"
    },
    {
      "type": "Feature",
      "properties": {
        "@id": "way/892616872",
        "addr:housenumber": "43",
        "addr:postcode": "29006",
        "addr:street": "Calle Flauta Mágica",
        "amenity": "fuel",
        "brand": "BP",
        "brand:wikidata": "Q152057",
        "brand:wikipedia": "es:BP",
        "highway": "services",
        "name": "Estación de Servicio Polígono Alameda",
        "@geometry": "center"
      },
      "geometry": {
        "type": "Point",
        "coordinates": [
          -4.4718109,
          36.7096788
        ]
      },
      "id": "way/892616872"
    },
    {
      "type": "Feature",
      "properties": {
        "@id": "way/895990003",
        "highway": "services",
        "@geometry": "center"
      },
      "geometry": {
        "type": "Point",
        "coordinates": [
          -0.3668266,
          39.5322636
        ]
      },
      "id": "way/895990003"
    },
    {
      "type": "Feature",
      "properties": {
        "@id": "way/898161579",
        "highway": "services",
        "@geometry": "center"
      },
      "geometry": {
        "type": "Point",
        "coordinates": [
          -3.7252982,
          40.1827645
        ]
      },
      "id": "way/898161579"
    },
    {
      "type": "Feature",
      "properties": {
        "@id": "way/898340533",
        "highway": "services",
        "@geometry": "center"
      },
      "geometry": {
        "type": "Point",
        "coordinates": [
          -3.3831583,
          38.9569705
        ]
      },
      "id": "way/898340533"
    },
    {
      "type": "Feature",
      "properties": {
        "@id": "way/899265961",
        "highway": "services",
        "name": "S 43 km - Corral de Almaguer",
        "@geometry": "center"
      },
      "geometry": {
        "type": "Point",
        "coordinates": [
          -3.1324477,
          39.7239419
        ]
      },
      "id": "way/899265961"
    },
    {
      "type": "Feature",
      "properties": {
        "@id": "way/899265962",
        "highway": "services",
        "name": "S 43 km - Corral de Almaguer",
        "@geometry": "center"
      },
      "geometry": {
        "type": "Point",
        "coordinates": [
          -3.1343359,
          39.7233825
        ]
      },
      "id": "way/899265962"
    },
    {
      "type": "Feature",
      "properties": {
        "@id": "way/902830611",
        "highway": "services",
        "@geometry": "center"
      },
      "geometry": {
        "type": "Point",
        "coordinates": [
          -0.3603684,
          39.5171682
        ]
      },
      "id": "way/902830611"
    },
    {
      "type": "Feature",
      "properties": {
        "@id": "way/910101427",
        "highway": "services",
        "@geometry": "center"
      },
      "geometry": {
        "type": "Point",
        "coordinates": [
          -2.6616257,
          42.8590181
        ]
      },
      "id": "way/910101427"
    },
    {
      "type": "Feature",
      "properties": {
        "@id": "way/910519220",
        "highway": "services",
        "@geometry": "center"
      },
      "geometry": {
        "type": "Point",
        "coordinates": [
          -2.6569439,
          42.8562131
        ]
      },
      "id": "way/910519220"
    },
    {
      "type": "Feature",
      "properties": {
        "@id": "way/926605853",
        "highway": "services",
        "@geometry": "center"
      },
      "geometry": {
        "type": "Point",
        "coordinates": [
          -3.4584098,
          43.0799735
        ]
      },
      "id": "way/926605853"
    },
    {
      "type": "Feature",
      "properties": {
        "@id": "way/929403199",
        "highway": "services",
        "@geometry": "center"
      },
      "geometry": {
        "type": "Point",
        "coordinates": [
          -3.2951941,
          40.5562171
        ]
      },
      "id": "way/929403199"
    },
    {
      "type": "Feature",
      "properties": {
        "@id": "way/929403200",
        "highway": "services",
        "@geometry": "center"
      },
      "geometry": {
        "type": "Point",
        "coordinates": [
          -3.2942862,
          40.5547663
        ]
      },
      "id": "way/929403200"
    },
    {
      "type": "Feature",
      "properties": {
        "@id": "way/930415203",
        "highway": "services",
        "@geometry": "center"
      },
      "geometry": {
        "type": "Point",
        "coordinates": [
          -2.9071367,
          42.7105452
        ]
      },
      "id": "way/930415203"
    },
    {
      "type": "Feature",
      "properties": {
        "@id": "way/933998687",
        "addr:city": "Málaga",
        "amenity": "fuel",
        "brand": "Shell Express",
        "brand:wikidata": "Q2289188",
        "fuel:diesel": "yes",
        "fuel:octane_95": "yes",
        "highway": "services",
        "name": "Shell Express",
        "opening_hours": "24/7",
        "operator": "Disa",
        "operator:website": "https://www.disagrupo.es",
        "operator:wikidata": "Q5797102",
        "operator:wikipedia": "es:DISA (empresa)",
        "@geometry": "center"
      },
      "geometry": {
        "type": "Point",
        "coordinates": [
          -4.4777798,
          36.6935477
        ]
      },
      "id": "way/933998687"
    },
    {
      "type": "Feature",
      "properties": {
        "@id": "way/948633425",
        "highway": "services",
        "@geometry": "center"
      },
      "geometry": {
        "type": "Point",
        "coordinates": [
          -3.7643884,
          40.1880504
        ]
      },
      "id": "way/948633425"
    },
    {
      "type": "Feature",
      "properties": {
        "@id": "way/951518010",
        "highway": "services",
        "@geometry": "center"
      },
      "geometry": {
        "type": "Point",
        "coordinates": [
          -3.6080194,
          40.2232803
        ]
      },
      "id": "way/951518010"
    },
    {
      "type": "Feature",
      "properties": {
        "@id": "way/953695729",
        "highway": "services",
        "name": "Area de servicio Cerro del Fantasma",
        "toilets": "yes",
        "website": "https://smarttravelers.areas.com/areas/es/store/AREA-EL-ELFANTASMAAS-M-T",
        "@geometry": "center"
      },
      "geometry": {
        "type": "Point",
        "coordinates": [
          -5.9382923,
          37.0016576
        ]
      },
      "id": "way/953695729"
    },
    {
      "type": "Feature",
      "properties": {
        "@id": "way/958666343",
        "highway": "services",
        "name": "Zona de Servicio La Morena",
        "opening_hours": "24/7",
        "@geometry": "center"
      },
      "geometry": {
        "type": "Point",
        "coordinates": [
          -1.9110762,
          37.4346168
        ]
      },
      "id": "way/958666343"
    },
    {
      "type": "Feature",
      "properties": {
        "@id": "way/961513059",
        "alt_name": "Área de Servicio Los Palacios",
        "highway": "services",
        "name": "Área de Servicio La Florida",
        "@geometry": "center"
      },
      "geometry": {
        "type": "Point",
        "coordinates": [
          -5.9114214,
          37.1958359
        ]
      },
      "id": "way/961513059"
    },
    {
      "type": "Feature",
      "properties": {
        "@id": "way/964907687",
        "highway": "services",
        "name": "Valcarce Olazti",
        "@geometry": "center"
      },
      "geometry": {
        "type": "Point",
        "coordinates": [
          -2.1796811,
          42.8838385
        ]
      },
      "id": "way/964907687"
    },
    {
      "type": "Feature",
      "properties": {
        "@id": "way/967920124",
        "highway": "services",
        "name": "Área 103",
        "@geometry": "center"
      },
      "geometry": {
        "type": "Point",
        "coordinates": [
          -2.7614358,
          40.8972932
        ]
      },
      "id": "way/967920124"
    },
    {
      "type": "Feature",
      "properties": {
        "@id": "way/967920125",
        "highway": "services",
        "@geometry": "center"
      },
      "geometry": {
        "type": "Point",
        "coordinates": [
          -2.7606576,
          40.8962222
        ]
      },
      "id": "way/967920125"
    },
    {
      "type": "Feature",
      "properties": {
        "@id": "way/970114126",
        "addr:housenumber": "11",
        "addr:postcode": "29004",
        "addr:street": "Calle Eduardo Queipo de Llano Caballero",
        "amenity": "fuel",
        "brand": "Dinergia",
        "brand:website": "https://www.dinergia.com",
        "fuel:diesel": "yes",
        "fuel:octane_95": "yes",
        "highway": "services",
        "name": "Dinergia",
        "opening_hours": "Mo-Fr 06:00-21:00; Sa 09:00-15:00; Su off",
        "payment:mastercard": "yes",
        "payment:visa": "yes",
        "@geometry": "center"
      },
      "geometry": {
        "type": "Point",
        "coordinates": [
          -4.4706704,
          36.693269
        ]
      },
      "id": "way/970114126"
    },
    {
      "type": "Feature",
      "properties": {
        "@id": "way/970114535",
        "amenity": "fuel",
        "brand": "Galp",
        "brand:wikidata": "Q1492739",
        "fuel:GTL_diesel": "yes",
        "fuel:diesel": "yes",
        "fuel:octane_95": "yes",
        "fuel:octane_98": "yes",
        "highway": "services",
        "name": "Galp",
        "self_service": "yes",
        "@geometry": "center"
      },
      "geometry": {
        "type": "Point",
        "coordinates": [
          -4.4712205,
          36.6879665
        ]
      },
      "id": "way/970114535"
    },
    {
      "type": "Feature",
      "properties": {
        "@id": "way/978565684",
        "highway": "services",
        "toilets": "yes",
        "@geometry": "center"
      },
      "geometry": {
        "type": "Point",
        "coordinates": [
          -0.9402421,
          40.2187683
        ]
      },
      "id": "way/978565684"
    },
    {
      "type": "Feature",
      "properties": {
        "@id": "way/983730731",
        "highway": "services",
        "toilets": "yes",
        "@geometry": "center"
      },
      "geometry": {
        "type": "Point",
        "coordinates": [
          -0.8242463,
          40.1492448
        ]
      },
      "id": "way/983730731"
    },
    {
      "type": "Feature",
      "properties": {
        "@id": "way/988066544",
        "highway": "services",
        "@geometry": "center"
      },
      "geometry": {
        "type": "Point",
        "coordinates": [
          -3.8587922,
          43.3831732
        ]
      },
      "id": "way/988066544"
    },
    {
      "type": "Feature",
      "properties": {
        "@id": "way/996266205",
        "highway": "services",
        "name": "Área de Servizo Galuresa Roxos",
        "toilets": "yes",
        "website": "https://galuresa.com/",
        "@geometry": "center"
      },
      "geometry": {
        "type": "Point",
        "coordinates": [
          -8.6226628,
          42.8732618
        ]
      },
      "id": "way/996266205"
    },
    {
      "type": "Feature",
      "properties": {
        "@id": "way/998117390",
        "highway": "services",
        "@geometry": "center"
      },
      "geometry": {
        "type": "Point",
        "coordinates": [
          -2.3840781,
          39.6834485
        ]
      },
      "id": "way/998117390"
    },
    {
      "type": "Feature",
      "properties": {
        "@id": "way/1007433346",
        "highway": "services",
        "name": "Àrea de Servei de Sagunt",
        "name:ca": "Àrea de Servei de Sagunt",
        "name:es": "Área de Servicio de Sagunto",
        "@geometry": "center"
      },
      "geometry": {
        "type": "Point",
        "coordinates": [
          -0.3008126,
          39.650268
        ]
      },
      "id": "way/1007433346"
    },
    {
      "type": "Feature",
      "properties": {
        "@id": "way/1010375160",
        "highway": "services",
        "landuse": "retail",
        "@geometry": "center"
      },
      "geometry": {
        "type": "Point",
        "coordinates": [
          -0.704159,
          38.3697881
        ]
      },
      "id": "way/1010375160"
    },
    {
      "type": "Feature",
      "properties": {
        "@id": "way/1010800357",
        "email": "info@elgomero.es",
        "highway": "services",
        "name": "Estación de Servicio El Gomero",
        "opening_hours": "24/7",
        "phone": "+34 922 76 73 59",
        "website": "https://elgomero.es",
        "@geometry": "center"
      },
      "geometry": {
        "type": "Point",
        "coordinates": [
          -16.6295536,
          28.0461179
        ]
      },
      "id": "way/1010800357"
    },
    {
      "type": "Feature",
      "properties": {
        "@id": "way/1010828042",
        "highway": "services",
        "toilets": "yes",
        "@geometry": "center"
      },
      "geometry": {
        "type": "Point",
        "coordinates": [
          -8.4930005,
          42.9098212
        ]
      },
      "id": "way/1010828042"
    },
    {
      "type": "Feature",
      "properties": {
        "@id": "way/1015080242",
        "highway": "services",
        "@geometry": "center"
      },
      "geometry": {
        "type": "Point",
        "coordinates": [
          -3.2662414,
          43.1115229
        ]
      },
      "id": "way/1015080242"
    },
    {
      "type": "Feature",
      "properties": {
        "@id": "way/1015320909",
        "highway": "services",
        "toilets": "yes",
        "@geometry": "center"
      },
      "geometry": {
        "type": "Point",
        "coordinates": [
          -1.1430228,
          38.8784049
        ]
      },
      "id": "way/1015320909"
    },
    {
      "type": "Feature",
      "properties": {
        "@id": "way/1015327534",
        "highway": "services",
        "toilets": "yes",
        "@geometry": "center"
      },
      "geometry": {
        "type": "Point",
        "coordinates": [
          -1.175175,
          38.8749131
        ]
      },
      "id": "way/1015327534"
    },
    {
      "type": "Feature",
      "properties": {
        "@id": "way/1015626767",
        "highway": "services",
        "@geometry": "center"
      },
      "geometry": {
        "type": "Point",
        "coordinates": [
          -1.3316315,
          38.8762428
        ]
      },
      "id": "way/1015626767"
    },
    {
      "type": "Feature",
      "properties": {
        "@id": "way/1019755382",
        "highway": "services",
        "@geometry": "center"
      },
      "geometry": {
        "type": "Point",
        "coordinates": [
          -2.1068366,
          40.2066153
        ]
      },
      "id": "way/1019755382"
    },
    {
      "type": "Feature",
      "properties": {
        "@id": "way/1019761771",
        "highway": "services",
        "@geometry": "center"
      },
      "geometry": {
        "type": "Point",
        "coordinates": [
          -2.1100872,
          40.1998161
        ]
      },
      "id": "way/1019761771"
    },
    {
      "type": "Feature",
      "properties": {
        "@id": "way/1021120465",
        "highway": "services",
        "name": "Área de Servicio Gasolprice",
        "website": "https://www.gasolprice.com",
        "@geometry": "center"
      },
      "geometry": {
        "type": "Point",
        "coordinates": [
          -1.3806657,
          41.4886491
        ]
      },
      "id": "way/1021120465"
    },
    {
      "type": "Feature",
      "properties": {
        "@id": "way/1021488835",
        "highway": "services",
        "toilets": "yes",
        "@geometry": "center"
      },
      "geometry": {
        "type": "Point",
        "coordinates": [
          -2.1854505,
          39.2171265
        ]
      },
      "id": "way/1021488835"
    },
    {
      "type": "Feature",
      "properties": {
        "@id": "way/1022124319",
        "highway": "services",
        "toilets": "yes",
        "@geometry": "center"
      },
      "geometry": {
        "type": "Point",
        "coordinates": [
          -1.9337253,
          39.0599883
        ]
      },
      "id": "way/1022124319"
    },
    {
      "type": "Feature",
      "properties": {
        "@id": "way/1022430989",
        "highway": "services",
        "@geometry": "center"
      },
      "geometry": {
        "type": "Point",
        "coordinates": [
          -3.6172731,
          41.0345821
        ]
      },
      "id": "way/1022430989"
    },
    {
      "type": "Feature",
      "properties": {
        "@id": "way/1024370183",
        "highway": "services",
        "toilets": "yes",
        "@geometry": "center"
      },
      "geometry": {
        "type": "Point",
        "coordinates": [
          -1.7576388,
          38.9385861
        ]
      },
      "id": "way/1024370183"
    },
    {
      "type": "Feature",
      "properties": {
        "@id": "way/1025362035",
        "highway": "services",
        "@geometry": "center"
      },
      "geometry": {
        "type": "Point",
        "coordinates": [
          -1.5836466,
          38.9216879
        ]
      },
      "id": "way/1025362035"
    },
    {
      "type": "Feature",
      "properties": {
        "@id": "way/1025564610",
        "highway": "services",
        "operator": "Galp",
        "toilets": "yes",
        "@geometry": "center"
      },
      "geometry": {
        "type": "Point",
        "coordinates": [
          -3.7602111,
          40.6546471
        ]
      },
      "id": "way/1025564610"
    },
    {
      "type": "Feature",
      "properties": {
        "@id": "way/1025564636",
        "brand": "Agla",
        "fuel:diesel": "yes",
        "fuel:diesel_B": "yes",
        "fuel:octane_95": "yes",
        "fuel:octane_98": "yes",
        "highway": "services",
        "name": "Estación de Servicio La Almoraima",
        "opening_hours": "Mo-Su 06:30-22:30",
        "phone": "+34 956 23 63 06",
        "self_service": "yes",
        "source": "https://www.agla.es/es/estaciones/cadiz/es-almoraima-sp-3828",
        "@geometry": "center"
      },
      "geometry": {
        "type": "Point",
        "coordinates": [
          -5.4283176,
          36.2812765
        ]
      },
      "id": "way/1025564636"
    },
    {
      "type": "Feature",
      "properties": {
        "@id": "way/1025681649",
        "highway": "services",
        "@geometry": "center"
      },
      "geometry": {
        "type": "Point",
        "coordinates": [
          -1.5027398,
          38.8982402
        ]
      },
      "id": "way/1025681649"
    },
    {
      "type": "Feature",
      "properties": {
        "@id": "way/1025806748",
        "highway": "services",
        "@geometry": "center"
      },
      "geometry": {
        "type": "Point",
        "coordinates": [
          -4.0726669,
          39.8635468
        ]
      },
      "id": "way/1025806748"
    },
    {
      "type": "Feature",
      "properties": {
        "@id": "way/1025930160",
        "highway": "services",
        "@geometry": "center"
      },
      "geometry": {
        "type": "Point",
        "coordinates": [
          -1.332118,
          38.8751109
        ]
      },
      "id": "way/1025930160"
    },
    {
      "type": "Feature",
      "properties": {
        "@id": "way/1026072480",
        "highway": "services",
        "@geometry": "center"
      },
      "geometry": {
        "type": "Point",
        "coordinates": [
          -2.7125955,
          42.877576
        ]
      },
      "id": "way/1026072480"
    },
    {
      "type": "Feature",
      "properties": {
        "@id": "way/1026072481",
        "highway": "services",
        "@geometry": "center"
      },
      "geometry": {
        "type": "Point",
        "coordinates": [
          -2.7147059,
          42.8776798
        ]
      },
      "id": "way/1026072481"
    },
    {
      "type": "Feature",
      "properties": {
        "@id": "way/1026723735",
        "addr:city": "Algeciras",
        "addr:street": "Paseo Victoria Eugenia",
        "fuel:GTL_diesel": "yes",
        "fuel:diesel": "yes",
        "fuel:octane_95": "yes",
        "fuel:octane_98": "yes",
        "highway": "services",
        "name": "Estación de Servicio Repsol",
        "nohousenumber": "yes",
        "opening_hours": "24/7",
        "operator": "Repsol",
        "source": "Ministerio de Industria, Turismo y Comercio",
        "source:date": "2010-08-06",
        "@geometry": "center"
      },
      "geometry": {
        "type": "Point",
        "coordinates": [
          -5.4446576,
          36.1169176
        ]
      },
      "id": "way/1026723735"
    },
    {
      "type": "Feature",
      "properties": {
        "@id": "way/1026723741",
        "brand": "Frii",
        "highway": "services",
        "name": "Estación de Servicio Frii Autoservicio",
        "operator": "Frii Autoservicio",
        "phone": "+34 956 57 01 48",
        "@geometry": "center"
      },
      "geometry": {
        "type": "Point",
        "coordinates": [
          -5.4448374,
          36.1173271
        ]
      },
      "id": "way/1026723741"
    },
    {
      "type": "Feature",
      "properties": {
        "@id": "way/1027014566",
        "amenity": "fuel",
        "brand": "Galp",
        "brand:wikidata": "Q1492739",
        "brand:wikipedia": "es:Galp",
        "fuel:GTL_diesel": "yes",
        "fuel:diesel": "yes",
        "fuel:octane_95": "yes",
        "fuel:octane_98": "yes",
        "highway": "services",
        "name": "Galp",
        "old_brand": "Petrocat",
        "old_brand:wikidata": "Q20104358",
        "old_name": "Petrocat",
        "old_operator": "Petrocat",
        "opening_hours": "Mo-Su 06:00-22:00",
        "phone": "+34 938 50 28 88",
        "source": "https://galp.com/es/mapa/E1293",
        "@geometry": "center"
      },
      "geometry": {
        "type": "Point",
        "coordinates": [
          2.2423865,
          42.0039832
        ]
      },
      "id": "way/1027014566"
    },
    {
      "type": "Feature",
      "properties": {
        "@id": "way/1027311158",
        "highway": "services",
        "toilets": "yes",
        "@geometry": "center"
      },
      "geometry": {
        "type": "Point",
        "coordinates": [
          -2.0513293,
          39.1440693
        ]
      },
      "id": "way/1027311158"
    },
    {
      "type": "Feature",
      "properties": {
        "@id": "way/1027311162",
        "highway": "services",
        "toilets": "yes",
        "@geometry": "center"
      },
      "geometry": {
        "type": "Point",
        "coordinates": [
          -2.1860861,
          39.2248264
        ]
      },
      "id": "way/1027311162"
    },
    {
      "type": "Feature",
      "properties": {
        "@id": "way/1027546192",
        "highway": "services",
        "toilets": "yes",
        "@geometry": "center"
      },
      "geometry": {
        "type": "Point",
        "coordinates": [
          -0.8877884,
          38.6707367
        ]
      },
      "id": "way/1027546192"
    },
    {
      "type": "Feature",
      "properties": {
        "@id": "way/1028749683",
        "highway": "services",
        "toilets": "yes",
        "@geometry": "center"
      },
      "geometry": {
        "type": "Point",
        "coordinates": [
          -0.7709655,
          38.4744801
        ]
      },
      "id": "way/1028749683"
    },
    {
      "type": "Feature",
      "properties": {
        "@id": "way/1029072268",
        "highway": "services",
        "@geometry": "center"
      },
      "geometry": {
        "type": "Point",
        "coordinates": [
          -2.7552096,
          43.23135
        ]
      },
      "id": "way/1029072268"
    },
    {
      "type": "Feature",
      "properties": {
        "@id": "way/1029381861",
        "highway": "services",
        "@geometry": "center"
      },
      "geometry": {
        "type": "Point",
        "coordinates": [
          -2.7543587,
          43.2303367
        ]
      },
      "id": "way/1029381861"
    },
    {
      "type": "Feature",
      "properties": {
        "@id": "way/1033090423",
        "highway": "services",
        "@geometry": "center"
      },
      "geometry": {
        "type": "Point",
        "coordinates": [
          -1.8453217,
          38.9720503
        ]
      },
      "id": "way/1033090423"
    },
    {
      "type": "Feature",
      "properties": {
        "@id": "way/1033090429",
        "highway": "services",
        "name": "Los Ángeles De La Mancha",
        "@geometry": "center"
      },
      "geometry": {
        "type": "Point",
        "coordinates": [
          -1.8446042,
          38.9716051
        ]
      },
      "id": "way/1033090429"
    },
    {
      "type": "Feature",
      "properties": {
        "@id": "way/1033940835",
        "highway": "services",
        "name": "Área Los Llanos",
        "@geometry": "center"
      },
      "geometry": {
        "type": "Point",
        "coordinates": [
          -1.8728156,
          38.9705861
        ]
      },
      "id": "way/1033940835"
    },
    {
      "type": "Feature",
      "properties": {
        "@id": "way/1037773656",
        "highway": "services",
        "name": "Área de servicio Los Arcos",
        "@geometry": "center"
      },
      "geometry": {
        "type": "Point",
        "coordinates": [
          -3.6649613,
          43.3910621
        ]
      },
      "id": "way/1037773656"
    },
    {
      "type": "Feature",
      "properties": {
        "@id": "way/1037841426",
        "highway": "services",
        "@geometry": "center"
      },
      "geometry": {
        "type": "Point",
        "coordinates": [
          -0.5455841,
          38.3430336
        ]
      },
      "id": "way/1037841426"
    },
    {
      "type": "Feature",
      "properties": {
        "@id": "way/1039205905",
        "highway": "services",
        "toilets": "yes",
        "@geometry": "center"
      },
      "geometry": {
        "type": "Point",
        "coordinates": [
          -1.9633817,
          39.0862015
        ]
      },
      "id": "way/1039205905"
    },
    {
      "type": "Feature",
      "properties": {
        "@id": "way/1039209072",
        "highway": "services",
        "toilets": "yes",
        "@geometry": "center"
      },
      "geometry": {
        "type": "Point",
        "coordinates": [
          -2.1445388,
          39.2010805
        ]
      },
      "id": "way/1039209072"
    },
    {
      "type": "Feature",
      "properties": {
        "@id": "way/1040034129",
        "highway": "services",
        "toilets": "yes",
        "@geometry": "center"
      },
      "geometry": {
        "type": "Point",
        "coordinates": [
          -2.2008303,
          39.3619047
        ]
      },
      "id": "way/1040034129"
    },
    {
      "type": "Feature",
      "properties": {
        "@id": "way/1064377164",
        "highway": "services",
        "operator": "Repsol",
        "@geometry": "center"
      },
      "geometry": {
        "type": "Point",
        "coordinates": [
          -4.1081376,
          40.6333022
        ]
      },
      "id": "way/1064377164"
    },
    {
      "type": "Feature",
      "properties": {
        "@id": "way/1064377165",
        "highway": "services",
        "operator": "Repsol",
        "@geometry": "center"
      },
      "geometry": {
        "type": "Point",
        "coordinates": [
          -4.1070496,
          40.6330536
        ]
      },
      "id": "way/1064377165"
    },
    {
      "type": "Feature",
      "properties": {
        "@id": "way/1065114673",
        "highway": "services",
        "@geometry": "center"
      },
      "geometry": {
        "type": "Point",
        "coordinates": [
          -8.7733821,
          42.5925108
        ]
      },
      "id": "way/1065114673"
    },
    {
      "type": "Feature",
      "properties": {
        "@id": "way/1068842050",
        "highway": "services",
        "toilets": "yes",
        "@geometry": "center"
      },
      "geometry": {
        "type": "Point",
        "coordinates": [
          -3.6866379,
          40.7844336
        ]
      },
      "id": "way/1068842050"
    },
    {
      "type": "Feature",
      "properties": {
        "@id": "way/1081265297",
        "highway": "services",
        "@geometry": "center"
      },
      "geometry": {
        "type": "Point",
        "coordinates": [
          -2.7294149,
          43.2293867
        ]
      },
      "id": "way/1081265297"
    },
    {
      "type": "Feature",
      "properties": {
        "@id": "way/1081265305",
        "highway": "services",
        "@geometry": "center"
      },
      "geometry": {
        "type": "Point",
        "coordinates": [
          -2.7300029,
          43.2294043
        ]
      },
      "id": "way/1081265305"
    },
    {
      "type": "Feature",
      "properties": {
        "@id": "way/1081646226",
        "highway": "services",
        "@geometry": "center"
      },
      "geometry": {
        "type": "Point",
        "coordinates": [
          -0.06851,
          40.6601065
        ]
      },
      "id": "way/1081646226"
    },
    {
      "type": "Feature",
      "properties": {
        "@id": "way/1082204747",
        "highway": "services",
        "@geometry": "center"
      },
      "geometry": {
        "type": "Point",
        "coordinates": [
          -0.2817728,
          39.6570275
        ]
      },
      "id": "way/1082204747"
    },
    {
      "type": "Feature",
      "properties": {
        "@id": "way/1082204748",
        "highway": "services",
        "@geometry": "center"
      },
      "geometry": {
        "type": "Point",
        "coordinates": [
          -0.2811136,
          39.6565061
        ]
      },
      "id": "way/1082204748"
    },
    {
      "type": "Feature",
      "properties": {
        "@id": "way/1093408400",
        "highway": "services",
        "@geometry": "center"
      },
      "geometry": {
        "type": "Point",
        "coordinates": [
          -3.5451523,
          40.5875957
        ]
      },
      "id": "way/1093408400"
    },
    {
      "type": "Feature",
      "properties": {
        "@id": "way/1097667222",
        "highway": "services",
        "name": "Área de Servicio El Olivar",
        "@geometry": "center"
      },
      "geometry": {
        "type": "Point",
        "coordinates": [
          -3.8529898,
          37.1927227
        ]
      },
      "id": "way/1097667222"
    },
    {
      "type": "Feature",
      "properties": {
        "@id": "way/1102168506",
        "highway": "services",
        "@geometry": "center"
      },
      "geometry": {
        "type": "Point",
        "coordinates": [
          -6.5438614,
          39.7086434
        ]
      },
      "id": "way/1102168506"
    },
    {
      "type": "Feature",
      "properties": {
        "@id": "way/1102916423",
        "highway": "services",
        "@geometry": "center"
      },
      "geometry": {
        "type": "Point",
        "coordinates": [
          -2.8766701,
          43.3186159
        ]
      },
      "id": "way/1102916423"
    },
    {
      "type": "Feature",
      "properties": {
        "@id": "way/1106881690",
        "highway": "services",
        "@geometry": "center"
      },
      "geometry": {
        "type": "Point",
        "coordinates": [
          -0.3719929,
          40.8972145
        ]
      },
      "id": "way/1106881690"
    },
    {
      "type": "Feature",
      "properties": {
        "@id": "way/1111988330",
        "highway": "services",
        "name": "Repsol",
        "operator": "Repsol",
        "@geometry": "center"
      },
      "geometry": {
        "type": "Point",
        "coordinates": [
          0.6526956,
          41.6150265
        ]
      },
      "id": "way/1111988330"
    },
    {
      "type": "Feature",
      "properties": {
        "@id": "way/1116340758",
        "highway": "services",
        "@geometry": "center"
      },
      "geometry": {
        "type": "Point",
        "coordinates": [
          -3.5807643,
          41.134897
        ]
      },
      "id": "way/1116340758"
    },
    {
      "type": "Feature",
      "properties": {
        "@id": "way/1116914229",
        "highway": "services",
        "toilets": "yes",
        "@geometry": "center"
      },
      "geometry": {
        "type": "Point",
        "coordinates": [
          -3.6716913,
          41.1489487
        ]
      },
      "id": "way/1116914229"
    },
    {
      "type": "Feature",
      "properties": {
        "@id": "way/1118501737",
        "highway": "services",
        "@geometry": "center"
      },
      "geometry": {
        "type": "Point",
        "coordinates": [
          -3.5680103,
          40.0429453
        ]
      },
      "id": "way/1118501737"
    },
    {
      "type": "Feature",
      "properties": {
        "@id": "way/1119679028",
        "highway": "services",
        "@geometry": "center"
      },
      "geometry": {
        "type": "Point",
        "coordinates": [
          -3.4729998,
          38.590007
        ]
      },
      "id": "way/1119679028"
    },
    {
      "type": "Feature",
      "properties": {
        "@id": "way/1120396303",
        "highway": "services",
        "name": "Estación de Servicio Repsol",
        "@geometry": "center"
      },
      "geometry": {
        "type": "Point",
        "coordinates": [
          -1.7099551,
          43.2783891
        ]
      },
      "id": "way/1120396303"
    },
    {
      "type": "Feature",
      "properties": {
        "@id": "way/1120396304",
        "highway": "services",
        "name": "Estación de Servicio Repsol",
        "@geometry": "center"
      },
      "geometry": {
        "type": "Point",
        "coordinates": [
          -1.7083198,
          43.2779733
        ]
      },
      "id": "way/1120396304"
    },
    {
      "type": "Feature",
      "properties": {
        "@id": "way/1120396323",
        "highway": "services",
        "name": "Estación de Servicio -Noil- Zerbitzu Gunea",
        "@geometry": "center"
      },
      "geometry": {
        "type": "Point",
        "coordinates": [
          -1.7003005,
          43.2766711
        ]
      },
      "id": "way/1120396323"
    },
    {
      "type": "Feature",
      "properties": {
        "@id": "way/1122507790",
        "highway": "services",
        "@geometry": "center"
      },
      "geometry": {
        "type": "Point",
        "coordinates": [
          -4.9422612,
          41.7858111
        ]
      },
      "id": "way/1122507790"
    },
    {
      "type": "Feature",
      "properties": {
        "@id": "way/1125258039",
        "hgv": "yes",
        "highway": "services",
        "@geometry": "center"
      },
      "geometry": {
        "type": "Point",
        "coordinates": [
          -6.0494427,
          36.9328069
        ]
      },
      "id": "way/1125258039"
    },
    {
      "type": "Feature",
      "properties": {
        "@id": "way/1126466669",
        "highway": "services",
        "name": "Estación de servicio de Torrecaballeros",
        "opening_hours": "24/7",
        "shower": "no",
        "toilets": "yes",
        "toilets:wheelchair": "yes",
        "wheelchair": "yes",
        "@geometry": "center"
      },
      "geometry": {
        "type": "Point",
        "coordinates": [
          -4.037861,
          40.9868254
        ]
      },
      "id": "way/1126466669"
    },
    {
      "type": "Feature",
      "properties": {
        "@id": "way/1126467874",
        "highway": "services",
        "opening_hours": "24/7",
        "toilets": "no",
        "@geometry": "center"
      },
      "geometry": {
        "type": "Point",
        "coordinates": [
          -4.0882634,
          40.9520531
        ]
      },
      "id": "way/1126467874"
    },
    {
      "type": "Feature",
      "properties": {
        "@id": "way/1131621487",
        "highway": "services",
        "@geometry": "center"
      },
      "geometry": {
        "type": "Point",
        "coordinates": [
          -7.2983248,
          39.3463182
        ]
      },
      "id": "way/1131621487"
    },
    {
      "type": "Feature",
      "properties": {
        "@id": "way/1133759020",
        "highway": "services",
        "name": "Área de servicio de la Venta Pinillos",
        "@geometry": "center"
      },
      "geometry": {
        "type": "Point",
        "coordinates": [
          -4.1302143,
          41.0773955
        ]
      },
      "id": "way/1133759020"
    },
    {
      "type": "Feature",
      "properties": {
        "@id": "way/1136370763",
        "highway": "services",
        "@geometry": "center"
      },
      "geometry": {
        "type": "Point",
        "coordinates": [
          -5.4754578,
          39.1083713
        ]
      },
      "id": "way/1136370763"
    },
    {
      "type": "Feature",
      "properties": {
        "@id": "node/1138192936",
        "highway": "services",
        "name": "Montcada",
        "name:ca": "Montcada",
        "operator": "Galp",
        "toilets": "yes"
      },
      "geometry": {
        "type": "Point",
        "coordinates": [
          2.1914633,
          41.4951155
        ]
      },
      "id": "node/1138192936"
    },
    {
      "type": "Feature",
      "properties": {
        "@id": "way/1146552440",
        "highway": "services",
        "@geometry": "center"
      },
      "geometry": {
        "type": "Point",
        "coordinates": [
          -2.23545,
          42.9963665
        ]
      },
      "id": "way/1146552440"
    },
    {
      "type": "Feature",
      "properties": {
        "@id": "way/1147646393",
        "highway": "services",
        "@geometry": "center"
      },
      "geometry": {
        "type": "Point",
        "coordinates": [
          -2.6605083,
          42.8644458
        ]
      },
      "id": "way/1147646393"
    },
    {
      "type": "Feature",
      "properties": {
        "@id": "way/1149073155",
        "highway": "services",
        "toilets": "yes",
        "@geometry": "center"
      },
      "geometry": {
        "type": "Point",
        "coordinates": [
          -5.1143449,
          36.4649218
        ]
      },
      "id": "way/1149073155"
    },
    {
      "type": "Feature",
      "properties": {
        "@id": "way/1149073156",
        "highway": "services",
        "toilets": "yes",
        "@geometry": "center"
      },
      "geometry": {
        "type": "Point",
        "coordinates": [
          -5.1168676,
          36.4641053
        ]
      },
      "id": "way/1149073156"
    },
    {
      "type": "Feature",
      "properties": {
        "@id": "node/1149435498",
        "highway": "services",
        "name": "El Gironès",
        "operator": "Galp",
        "toilets": "yes"
      },
      "geometry": {
        "type": "Point",
        "coordinates": [
          2.7738636,
          41.9066094
        ]
      },
      "id": "node/1149435498"
    },
    {
      "type": "Feature",
      "properties": {
        "@id": "node/1149435728",
        "highway": "services",
        "name": "El Gironès",
        "operator": "Galp",
        "toilets": "yes"
      },
      "geometry": {
        "type": "Point",
        "coordinates": [
          2.7717409,
          41.9069144
        ]
      },
      "id": "node/1149435728"
    },
    {
      "type": "Feature",
      "properties": {
        "@id": "way/1149534110",
        "highway": "services",
        "@geometry": "center"
      },
      "geometry": {
        "type": "Point",
        "coordinates": [
          -3.3475871,
          40.2296397
        ]
      },
      "id": "way/1149534110"
    },
    {
      "type": "Feature",
      "properties": {
        "@id": "way/1149707646",
        "highway": "services",
        "@geometry": "center"
      },
      "geometry": {
        "type": "Point",
        "coordinates": [
          -4.30012,
          41.2917489
        ]
      },
      "id": "way/1149707646"
    },
    {
      "type": "Feature",
      "properties": {
        "@id": "way/1153499767",
        "highway": "services",
        "toilets": "yes",
        "@geometry": "center"
      },
      "geometry": {
        "type": "Point",
        "coordinates": [
          -4.3555187,
          41.4198058
        ]
      },
      "id": "way/1153499767"
    },
    {
      "type": "Feature",
      "properties": {
        "@id": "way/1153681251",
        "highway": "services",
        "@geometry": "center"
      },
      "geometry": {
        "type": "Point",
        "coordinates": [
          -5.8158982,
          43.3710765
        ]
      },
      "id": "way/1153681251"
    },
    {
      "type": "Feature",
      "properties": {
        "@id": "way/1153864138",
        "highway": "services",
        "@geometry": "center"
      },
      "geometry": {
        "type": "Point",
        "coordinates": [
          1.5858644,
          41.2463243
        ]
      },
      "id": "way/1153864138"
    },
    {
      "type": "Feature",
      "properties": {
        "@id": "way/1154139157",
        "highway": "services",
        "@geometry": "center"
      },
      "geometry": {
        "type": "Point",
        "coordinates": [
          -5.8988644,
          43.3599394
        ]
      },
      "id": "way/1154139157"
    },
    {
      "type": "Feature",
      "properties": {
        "@id": "way/1155590614",
        "highway": "services",
        "name": "Área de Servicio San Medel",
        "operator": "Gasóleos San Medel",
        "@geometry": "center"
      },
      "geometry": {
        "type": "Point",
        "coordinates": [
          -4.1485812,
          40.9988127
        ]
      },
      "id": "way/1155590614"
    },
    {
      "type": "Feature",
      "properties": {
        "@id": "way/1155890473",
        "highway": "services",
        "@geometry": "center"
      },
      "geometry": {
        "type": "Point",
        "coordinates": [
          -2.1885679,
          43.0419175
        ]
      },
      "id": "way/1155890473"
    },
    {
      "type": "Feature",
      "properties": {
        "@id": "way/1155890483",
        "highway": "services",
        "toilets": "yes",
        "@geometry": "center"
      },
      "geometry": {
        "type": "Point",
        "coordinates": [
          -2.2277454,
          43.0482362
        ]
      },
      "id": "way/1155890483"
    },
    {
      "type": "Feature",
      "properties": {
        "@id": "way/1155890506",
        "highway": "services",
        "toilets": "yes",
        "@geometry": "center"
      },
      "geometry": {
        "type": "Point",
        "coordinates": [
          -2.2206025,
          43.0498351
        ]
      },
      "id": "way/1155890506"
    },
    {
      "type": "Feature",
      "properties": {
        "@id": "way/1156458076",
        "highway": "services",
        "name": "Barazar",
        "@geometry": "center"
      },
      "geometry": {
        "type": "Point",
        "coordinates": [
          -2.7119555,
          43.0655119
        ]
      },
      "id": "way/1156458076"
    },
    {
      "type": "Feature",
      "properties": {
        "@id": "way/1158494515",
        "highway": "services",
        "@geometry": "center"
      },
      "geometry": {
        "type": "Point",
        "coordinates": [
          -0.7465586,
          38.0583215
        ]
      },
      "id": "way/1158494515"
    },
    {
      "type": "Feature",
      "properties": {
        "@id": "way/1162137578",
        "addr:city": "San Roque",
        "addr:housenumber": "79",
        "addr:postcode": "11360",
        "addr:street": "Calle Real (Campamento)",
        "fuel:GTL_diesel": "yes",
        "fuel:diesel": "yes",
        "fuel:octane_95": "yes",
        "fuel:octane_98": "yes",
        "highway": "services",
        "name": "Estación de Servicio El Polo",
        "opening_hours": "24/7",
        "operator": "Repsol",
        "self_service": "yes",
        "source": "Ministerio de Industria, Turismo y Comercio",
        "source:date": "2010-08-06",
        "@geometry": "center"
      },
      "geometry": {
        "type": "Point",
        "coordinates": [
          -5.3727519,
          36.1736666
        ]
      },
      "id": "way/1162137578"
    },
    {
      "type": "Feature",
      "properties": {
        "@id": "way/1162894410",
        "highway": "services",
        "@geometry": "center"
      },
      "geometry": {
        "type": "Point",
        "coordinates": [
          -2.0784613,
          40.5738878
        ]
      },
      "id": "way/1162894410"
    },
    {
      "type": "Feature",
      "properties": {
        "@id": "node/1163534244",
        "highway": "services",
        "name": "Montseny",
        "name:ca": "Montseny",
        "operator": "Galp / Medas",
        "toilets": "yes"
      },
      "geometry": {
        "type": "Point",
        "coordinates": [
          2.422869,
          41.6463442
        ]
      },
      "id": "node/1163534244"
    },
    {
      "type": "Feature",
      "properties": {
        "@id": "node/1163535174",
        "highway": "services",
        "name": "Montseny",
        "name:ca": "Montseny",
        "operator": "Galp / Medas",
        "toilets": "yes"
      },
      "geometry": {
        "type": "Point",
        "coordinates": [
          2.4272554,
          41.6480599
        ]
      },
      "id": "node/1163535174"
    },
    {
      "type": "Feature",
      "properties": {
        "@id": "way/1163733942",
        "highway": "services",
        "@geometry": "center"
      },
      "geometry": {
        "type": "Point",
        "coordinates": [
          -2.6705392,
          42.8722431
        ]
      },
      "id": "way/1163733942"
    },
    {
      "type": "Feature",
      "properties": {
        "@id": "way/1163931193",
        "highway": "services",
        "@geometry": "center"
      },
      "geometry": {
        "type": "Point",
        "coordinates": [
          -2.678509,
          42.8686569
        ]
      },
      "id": "way/1163931193"
    },
    {
      "type": "Feature",
      "properties": {
        "@id": "way/1164234096",
        "highway": "services",
        "@geometry": "center"
      },
      "geometry": {
        "type": "Point",
        "coordinates": [
          -2.7018096,
          42.8360362
        ]
      },
      "id": "way/1164234096"
    },
    {
      "type": "Feature",
      "properties": {
        "@id": "way/1164234106",
        "highway": "services",
        "@geometry": "center"
      },
      "geometry": {
        "type": "Point",
        "coordinates": [
          -2.6991289,
          42.8368014
        ]
      },
      "id": "way/1164234106"
    },
    {
      "type": "Feature",
      "properties": {
        "@id": "way/1164991196",
        "highway": "services",
        "@geometry": "center"
      },
      "geometry": {
        "type": "Point",
        "coordinates": [
          -3.9289213,
          37.1800556
        ]
      },
      "id": "way/1164991196"
    },
    {
      "type": "Feature",
      "properties": {
        "@id": "way/1168584533",
        "highway": "services",
        "@geometry": "center"
      },
      "geometry": {
        "type": "Point",
        "coordinates": [
          -7.8644534,
          42.2483015
        ]
      },
      "id": "way/1168584533"
    },
    {
      "type": "Feature",
      "properties": {
        "@id": "way/1172495094",
        "highway": "services",
        "@geometry": "center"
      },
      "geometry": {
        "type": "Point",
        "coordinates": [
          -4.5512761,
          37.4406283
        ]
      },
      "id": "way/1172495094"
    },
    {
      "type": "Feature",
      "properties": {
        "@id": "way/1172495097",
        "highway": "services",
        "@geometry": "center"
      },
      "geometry": {
        "type": "Point",
        "coordinates": [
          -4.5519768,
          37.4398262
        ]
      },
      "id": "way/1172495097"
    },
    {
      "type": "Feature",
      "properties": {
        "@id": "way/1172677284",
        "highway": "services",
        "name": "Área de Servicio Tudanca",
        "@geometry": "center"
      },
      "geometry": {
        "type": "Point",
        "coordinates": [
          -3.6878054,
          41.6234093
        ]
      },
      "id": "way/1172677284"
    },
    {
      "type": "Feature",
      "properties": {
        "@id": "way/1174878246",
        "highway": "services",
        "@geometry": "center"
      },
      "geometry": {
        "type": "Point",
        "coordinates": [
          -8.7855903,
          42.546656
        ]
      },
      "id": "way/1174878246"
    },
    {
      "type": "Feature",
      "properties": {
        "@id": "way/1176554307",
        "highway": "services",
        "@geometry": "center"
      },
      "geometry": {
        "type": "Point",
        "coordinates": [
          -7.1152242,
          37.323875
        ]
      },
      "id": "way/1176554307"
    },
    {
      "type": "Feature",
      "properties": {
        "@id": "way/1176554308",
        "highway": "services",
        "@geometry": "center"
      },
      "geometry": {
        "type": "Point",
        "coordinates": [
          -7.1157287,
          37.3228107
        ]
      },
      "id": "way/1176554308"
    },
    {
      "type": "Feature",
      "properties": {
        "@id": "way/1176994535",
        "highway": "services",
        "@geometry": "center"
      },
      "geometry": {
        "type": "Point",
        "coordinates": [
          -3.3727109,
          39.0585188
        ]
      },
      "id": "way/1176994535"
    },
    {
      "type": "Feature",
      "properties": {
        "@id": "way/1177007182",
        "highway": "services",
        "@geometry": "center"
      },
      "geometry": {
        "type": "Point",
        "coordinates": [
          -3.3988995,
          39.1801576
        ]
      },
      "id": "way/1177007182"
    },
    {
      "type": "Feature",
      "properties": {
        "@id": "way/1184089190",
        "highway": "services",
        "@geometry": "center"
      },
      "geometry": {
        "type": "Point",
        "coordinates": [
          -0.6871392,
          37.988308
        ]
      },
      "id": "way/1184089190"
    },
    {
      "type": "Feature",
      "properties": {
        "@id": "way/1188262491",
        "highway": "services",
        "@geometry": "center"
      },
      "geometry": {
        "type": "Point",
        "coordinates": [
          -2.6983493,
          42.8377182
        ]
      },
      "id": "way/1188262491"
    },
    {
      "type": "Feature",
      "properties": {
        "@id": "way/1188437452",
        "highway": "services",
        "@geometry": "center"
      },
      "geometry": {
        "type": "Point",
        "coordinates": [
          -2.7008988,
          42.8369261
        ]
      },
      "id": "way/1188437452"
    },
    {
      "type": "Feature",
      "properties": {
        "@id": "way/1191243655",
        "highway": "services",
        "@geometry": "center"
      },
      "geometry": {
        "type": "Point",
        "coordinates": [
          -0.9541134,
          38.0826294
        ]
      },
      "id": "way/1191243655"
    },
    {
      "type": "Feature",
      "properties": {
        "@id": "way/1202988501",
        "highway": "services",
        "@geometry": "center"
      },
      "geometry": {
        "type": "Point",
        "coordinates": [
          -8.5135258,
          42.9047848
        ]
      },
      "id": "way/1202988501"
    },
    {
      "type": "Feature",
      "properties": {
        "@id": "way/1206367970",
        "highway": "services",
        "@geometry": "center"
      },
      "geometry": {
        "type": "Point",
        "coordinates": [
          -2.1736277,
          41.2834463
        ]
      },
      "id": "way/1206367970"
    },
    {
      "type": "Feature",
      "properties": {
        "@id": "way/1206367976",
        "highway": "services",
        "@geometry": "center"
      },
      "geometry": {
        "type": "Point",
        "coordinates": [
          -2.1743397,
          41.2834602
        ]
      },
      "id": "way/1206367976"
    },
    {
      "type": "Feature",
      "properties": {
        "@id": "way/1208276088",
        "highway": "services",
        "@geometry": "center"
      },
      "geometry": {
        "type": "Point",
        "coordinates": [
          -2.7735633,
          42.5360812
        ]
      },
      "id": "way/1208276088"
    },
    {
      "type": "Feature",
      "properties": {
        "@id": "way/1208276095",
        "highway": "services",
        "@geometry": "center"
      },
      "geometry": {
        "type": "Point",
        "coordinates": [
          -2.7419309,
          42.5138662
        ]
      },
      "id": "way/1208276095"
    },
    {
      "type": "Feature",
      "properties": {
        "@id": "way/1208276118",
        "highway": "services",
        "toilets": "yes",
        "@geometry": "center"
      },
      "geometry": {
        "type": "Point",
        "coordinates": [
          -2.7535776,
          42.5124538
        ]
      },
      "id": "way/1208276118"
    },
    {
      "type": "Feature",
      "properties": {
        "@id": "way/1212210194",
        "access": "no",
        "bin": "no",
        "caravans": "no",
        "description": "Área de servicio de las instalaciones del tren de alta velocidad",
        "drinking_water": "no",
        "highway": "services",
        "internet_access": "no",
        "name": "Área de mantenimiento Túnel de Guadarrama 1",
        "operator": "ADIF",
        "picnic_table": "no",
        "toilets": "no",
        "wheelchair": "no",
        "@geometry": "center"
      },
      "geometry": {
        "type": "Point",
        "coordinates": [
          -3.7735918,
          40.7755212
        ]
      },
      "id": "way/1212210194"
    },
    {
      "type": "Feature",
      "properties": {
        "@id": "way/1217590427",
        "highway": "services",
        "@geometry": "center"
      },
      "geometry": {
        "type": "Point",
        "coordinates": [
          -2.5706511,
          42.4629799
        ]
      },
      "id": "way/1217590427"
    },
    {
      "type": "Feature",
      "properties": {
        "@id": "way/1219956270",
        "highway": "services",
        "@geometry": "center"
      },
      "geometry": {
        "type": "Point",
        "coordinates": [
          -0.3085553,
          42.7160015
        ]
      },
      "id": "way/1219956270"
    },
    {
      "type": "Feature",
      "properties": {
        "@id": "way/1220995788",
        "addr:city": "La Línea de la Concepción",
        "addr:postcode": "11300",
        "addr:street": "Carretera del Higuerón",
        "brand:website": "https://www.shell.es",
        "highway": "services",
        "name": "Shell de La Línea",
        "operator": "Disa",
        "operator:website": "https://www.disagrupo.es",
        "operator:wikidata": "Q5797102",
        "operator:wikipedia": "es:DISA (empresa)",
        "@geometry": "center"
      },
      "geometry": {
        "type": "Point",
        "coordinates": [
          -5.3491836,
          36.1771527
        ]
      },
      "id": "way/1220995788"
    },
    {
      "type": "Feature",
      "properties": {
        "@id": "way/1225412693",
        "highway": "services",
        "@geometry": "center"
      },
      "geometry": {
        "type": "Point",
        "coordinates": [
          -7.3941311,
          42.9405907
        ]
      },
      "id": "way/1225412693"
    },
    {
      "type": "Feature",
      "properties": {
        "@id": "way/1228111202",
        "highway": "services",
        "name": "Valcarce-Los Oteros",
        "opening_hours": "24/7",
        "toilets": "yes",
        "@geometry": "center"
      },
      "geometry": {
        "type": "Point",
        "coordinates": [
          -5.5011607,
          42.449832
        ]
      },
      "id": "way/1228111202"
    },
    {
      "type": "Feature",
      "properties": {
        "@id": "way/1228111219",
        "highway": "services",
        "name": "Área de Servicio Amanecer",
        "opening_hours": "Mo-Su 07:00-23:00",
        "toilets": "yes",
        "@geometry": "center"
      },
      "geometry": {
        "type": "Point",
        "coordinates": [
          -5.5187788,
          42.4554019
        ]
      },
      "id": "way/1228111219"
    },
    {
      "type": "Feature",
      "properties": {
        "@id": "way/1228111224",
        "highway": "services",
        "name": "Área de Servicio Amanecer",
        "opening_hours": "Mo-Su 07:00-23:00",
        "toilets": "yes",
        "@geometry": "center"
      },
      "geometry": {
        "type": "Point",
        "coordinates": [
          -5.5202438,
          42.4551167
        ]
      },
      "id": "way/1228111224"
    },
    {
      "type": "Feature",
      "properties": {
        "@id": "way/1230705172",
        "highway": "services",
        "@geometry": "center"
      },
      "geometry": {
        "type": "Point",
        "coordinates": [
          -2.6636067,
          42.861421
        ]
      },
      "id": "way/1230705172"
    },
    {
      "type": "Feature",
      "properties": {
        "@id": "way/1231210745",
        "highway": "services",
        "@geometry": "center"
      },
      "geometry": {
        "type": "Point",
        "coordinates": [
          -2.6758825,
          42.8718026
        ]
      },
      "id": "way/1231210745"
    },
    {
      "type": "Feature",
      "properties": {
        "@id": "way/1231224281",
        "highway": "services",
        "@geometry": "center"
      },
      "geometry": {
        "type": "Point",
        "coordinates": [
          -2.6661348,
          42.8340941
        ]
      },
      "id": "way/1231224281"
    },
    {
      "type": "Feature",
      "properties": {
        "@id": "way/1235591116",
        "addr:city": "Sotosalbos",
        "addr:postcode": "40170",
        "addr:street": "Carretera de Soria",
        "amenity": "restaurant",
        "brand": "Alejandro Manrique",
        "cuisine": "regional",
        "highway": "services",
        "name": "Bar-Restaurante Casa Manrique",
        "opening_hours": "Tu-Su 09:00-23:00",
        "outdoor_seating": "yes",
        "phone": "+34 921 40 30 66",
        "reservation": "yes",
        "shower": "no",
        "toilets": "yes",
        "website": "https://manriquesotosalbos.es/",
        "website:menu": "https://www.manriquesotosalbos.es/la-carta/",
        "@geometry": "center"
      },
      "geometry": {
        "type": "Point",
        "coordinates": [
          -3.9409862,
          41.030049
        ]
      },
      "id": "way/1235591116"
    },
    {
      "type": "Feature",
      "properties": {
        "@id": "way/1236955143",
        "highway": "services",
        "@geometry": "center"
      },
      "geometry": {
        "type": "Point",
        "coordinates": [
          -2.7557794,
          42.8443034
        ]
      },
      "id": "way/1236955143"
    },
    {
      "type": "Feature",
      "properties": {
        "@id": "way/1236960809",
        "highway": "services",
        "@geometry": "center"
      },
      "geometry": {
        "type": "Point",
        "coordinates": [
          -2.6611265,
          42.8653386
        ]
      },
      "id": "way/1236960809"
    },
    {
      "type": "Feature",
      "properties": {
        "@id": "way/1237644964",
        "highway": "services",
        "@geometry": "center"
      },
      "geometry": {
        "type": "Point",
        "coordinates": [
          -2.7525191,
          42.8470898
        ]
      },
      "id": "way/1237644964"
    },
    {
      "type": "Feature",
      "properties": {
        "@id": "way/1246450006",
        "highway": "services",
        "@geometry": "center"
      },
      "geometry": {
        "type": "Point",
        "coordinates": [
          -0.2015365,
          40.8247257
        ]
      },
      "id": "way/1246450006"
    },
    {
      "type": "Feature",
      "properties": {
        "@id": "way/1246459973",
        "highway": "services",
        "@geometry": "center"
      },
      "geometry": {
        "type": "Point",
        "coordinates": [
          -0.8065651,
          41.0283296
        ]
      },
      "id": "way/1246459973"
    },
    {
      "type": "Feature",
      "properties": {
        "@id": "way/1249061882",
        "highway": "services",
        "@geometry": "center"
      },
      "geometry": {
        "type": "Point",
        "coordinates": [
          -1.0468659,
          38.6188015
        ]
      },
      "id": "way/1249061882"
    },
    {
      "type": "Feature",
      "properties": {
        "@id": "way/1249061907",
        "highway": "services",
        "@geometry": "center"
      },
      "geometry": {
        "type": "Point",
        "coordinates": [
          -1.0842305,
          38.6159773
        ]
      },
      "id": "way/1249061907"
    },
    {
      "type": "Feature",
      "properties": {
        "@id": "way/1250605255",
        "highway": "services",
        "@geometry": "center"
      },
      "geometry": {
        "type": "Point",
        "coordinates": [
          -0.9659119,
          37.5963733
        ]
      },
      "id": "way/1250605255"
    },
    {
      "type": "Feature",
      "properties": {
        "@id": "way/1251799560",
        "highway": "services",
        "@geometry": "center"
      },
      "geometry": {
        "type": "Point",
        "coordinates": [
          -1.0756201,
          38.2702763
        ]
      },
      "id": "way/1251799560"
    },
    {
      "type": "Feature",
      "properties": {
        "@id": "way/1255188861",
        "highway": "services",
        "@geometry": "center"
      },
      "geometry": {
        "type": "Point",
        "coordinates": [
          -2.780687,
          43.1339646
        ]
      },
      "id": "way/1255188861"
    },
    {
      "type": "Feature",
      "properties": {
        "@id": "way/1257117443",
        "addr:city": "San Roque",
        "addr:milestone": "Km. 2",
        "addr:street": "Estación de Servicio Las Rosas",
        "brand": "Moeve",
        "brand:-2024": "Cepsa",
        "brand:website": "https://www.moeve.es",
        "brand:wikidata": "Q608819",
        "brand:wikipedia": "es:Moeve",
        "fuel:GTL_diesel": "yes",
        "fuel:adblue": "yes",
        "fuel:diesel": "yes",
        "fuel:octane_95": "yes",
        "fuel:octane_98": "yes",
        "highway": "services",
        "name": "Estación de Servicio Las Rosas",
        "opening_hours": "Mo-Su 06:30-22:30",
        "operator": "Moeve",
        "operator:-2024": "Cepsa",
        "phone": "+34 956780168",
        "self_service": "yes",
        "source": "https://cercadeti.cepsa.es/gasolineras/cadiz/san-roque-las-rosas",
        "@geometry": "center"
      },
      "geometry": {
        "type": "Point",
        "coordinates": [
          -5.3860514,
          36.1910102
        ]
      },
      "id": "way/1257117443"
    },
    {
      "type": "Feature",
      "properties": {
        "@id": "way/1257817131",
        "highway": "services",
        "@geometry": "center"
      },
      "geometry": {
        "type": "Point",
        "coordinates": [
          -2.0168242,
          42.6072551
        ]
      },
      "id": "way/1257817131"
    },
    {
      "type": "Feature",
      "properties": {
        "@id": "way/1258525818",
        "highway": "services",
        "name": "Área de Servicios Ayamonte",
        "@geometry": "center"
      },
      "geometry": {
        "type": "Point",
        "coordinates": [
          -7.3820242,
          37.2399324
        ]
      },
      "id": "way/1258525818"
    },
    {
      "type": "Feature",
      "properties": {
        "@id": "way/1258525824",
        "highway": "services",
        "name": "Área de Servicios Ayamonte",
        "@geometry": "center"
      },
      "geometry": {
        "type": "Point",
        "coordinates": [
          -7.3846611,
          37.2383083
        ]
      },
      "id": "way/1258525824"
    },
    {
      "type": "Feature",
      "properties": {
        "@id": "way/1258601863",
        "highway": "services",
        "name": "Área de servicio Fuencaliente de Lucio",
        "source": "https://www.diariodeburgos.es/noticia/za00a7d1e-fca7-2556-63f72c01dfb7366f/202403/el-unico-restaurante-y-gasolinera-de-la-a-73-coge-ritmo",
        "@geometry": "center"
      },
      "geometry": {
        "type": "Point",
        "coordinates": [
          -4.1492157,
          42.7456354
        ]
      },
      "id": "way/1258601863"
    },
    {
      "type": "Feature",
      "properties": {
        "@id": "way/1259311616",
        "highway": "services",
        "@geometry": "center"
      },
      "geometry": {
        "type": "Point",
        "coordinates": [
          -2.8332537,
          37.1607807
        ]
      },
      "id": "way/1259311616"
    },
    {
      "type": "Feature",
      "properties": {
        "@id": "way/1262870974",
        "highway": "services",
        "@geometry": "center"
      },
      "geometry": {
        "type": "Point",
        "coordinates": [
          -2.8501557,
          42.6354152
        ]
      },
      "id": "way/1262870974"
    },
    {
      "type": "Feature",
      "properties": {
        "@id": "way/1263168236",
        "disused:fuel:GTL_diesel": "yes",
        "disused:fuel:diesel": "yes",
        "disused:fuel:octane_95": "yes",
        "disused:fuel:octane_98": "yes",
        "disused:opening_hours": "Mo-Su 06:00-00:00",
        "highway": "services",
        "name": "Estación de Servicio Galp",
        "old_brand": "Cepsa",
        "old_brand:official_name": "Compañía Española de Petróleos, S.A.U.",
        "old_brand:website": "https://www.cepsa.es",
        "old_brand:wikidata": "Q608819",
        "old_brand:wikipedia": "es:Cepsa",
        "old_name": "Cepsa",
        "operator": "Galp",
        "@geometry": "center"
      },
      "geometry": {
        "type": "Point",
        "coordinates": [
          -5.4537505,
          36.1153302
        ]
      },
      "id": "way/1263168236"
    },
    {
      "type": "Feature",
      "properties": {
        "@id": "way/1263169407",
        "brand": "Nieves",
        "brand:website": "https://www.nievesenergia.com",
        "fuel:adblue": "yes",
        "fuel:diesel": "yes",
        "fuel:octane_95": "yes",
        "full_service": "no",
        "full_service:conditional": "yes @ (Mo-Fr 07:00-23:00; Sa,Su,PH 09:00-23:00)",
        "highway": "services",
        "name": "Estación de Servicio Nieves",
        "opening_hours": "24/7",
        "operator": "Nieves",
        "self_service": "yes",
        "self_service:conditional": "no @ (Mo-Fr 07:00-23:00; Sa,Su,PH 09:00-23:00)",
        "@geometry": "center"
      },
      "geometry": {
        "type": "Point",
        "coordinates": [
          -5.4312677,
          36.1898918
        ]
      },
      "id": "way/1263169407"
    },
    {
      "type": "Feature",
      "properties": {
        "@id": "way/1263653097",
        "addr:city": "El Secadero",
        "addr:postcode": "29692",
        "fuel:adblue": "yes",
        "fuel:diesel": "yes",
        "fuel:octane_95": "yes",
        "highway": "services",
        "name": "Estación de Servicio Secadero",
        "@geometry": "center"
      },
      "geometry": {
        "type": "Point",
        "coordinates": [
          -5.3148573,
          36.334217
        ]
      },
      "id": "way/1263653097"
    },
    {
      "type": "Feature",
      "properties": {
        "@id": "way/1264424033",
        "highway": "services",
        "@geometry": "center"
      },
      "geometry": {
        "type": "Point",
        "coordinates": [
          -6.0243797,
          36.5699639
        ]
      },
      "id": "way/1264424033"
    },
    {
      "type": "Feature",
      "properties": {
        "@id": "way/1264590946",
        "brand": "Moeve",
        "brand:-2024": "Cepsa",
        "brand:website": "https://www.moeve.es",
        "brand:wikidata": "Q608819",
        "brand:wikipedia": "es:Moeve",
        "fuel:GTL_diesel": "yes",
        "fuel:diesel": "yes",
        "fuel:octane_95": "yes",
        "fuel:octane_95_plus": "yes",
        "fuel:octane_98": "yes",
        "highway": "services",
        "name": "Estación de Servicio Guadacorte I",
        "opening_hours": "Mo-Su 06:00-22:00",
        "operator:-2024": "Cepsa",
        "phone": "+34 956677202",
        "self_service": "yes",
        "source": "https://cercadeti.cepsa.es/gasolineras/cadiz/los-barrios-guadacorte-i",
        "toilets": "yes",
        "@geometry": "center"
      },
      "geometry": {
        "type": "Point",
        "coordinates": [
          -5.4512913,
          36.1766537
        ]
      },
      "id": "way/1264590946"
    },
    {
      "type": "Feature",
      "properties": {
        "@id": "way/1265762355",
        "fuel:GTL_diesel": "yes",
        "fuel:diesel": "yes",
        "fuel:octane_95": "yes",
        "fuel:octane_98": "yes",
        "highway": "services",
        "name": "Estación de Servicio Tierras de España",
        "opening_hours": "Mo-Fr 07:00-19:00; Sa,Su 08:00-14:00",
        "operator": "Repsol",
        "phone": "+34 956570938",
        "self_service": "yes",
        "source": "https://www.repsol.es/buscador-eess-y-puntos-de-recarga/detalle/?action=show&id=G1000403&tipo=1&margen=IZQUIERDO",
        "toilets": "yes",
        "@geometry": "center"
      },
      "geometry": {
        "type": "Point",
        "coordinates": [
          -5.4532627,
          36.1181778
        ]
      },
      "id": "way/1265762355"
    },
    {
      "type": "Feature",
      "properties": {
        "@id": "way/1265762381",
        "fuel:biodiesel": "yes",
        "fuel:diesel": "yes",
        "fuel:diesel_B": "yes",
        "fuel:octane_95": "yes",
        "highway": "services",
        "name": "Estación de Servicio C. Oliver Lagos",
        "opening_hours": "Mo-Su 07:00-22:00",
        "@geometry": "center"
      },
      "geometry": {
        "type": "Point",
        "coordinates": [
          -5.8575384,
          36.6281922
        ]
      },
      "id": "way/1265762381"
    },
    {
      "type": "Feature",
      "properties": {
        "@id": "way/1265860176",
        "brand": "Repsol",
        "brand:wikidata": "Q174747",
        "brand:wikipedia": "es:Repsol",
        "highway": "services",
        "name": "A.S. Valdemingómez",
        "operator": "Repsol",
        "source:geometry": "PNOA",
        "source:geometry:date": "2023",
        "@geometry": "center"
      },
      "geometry": {
        "type": "Point",
        "coordinates": [
          -3.5882895,
          40.3445327
        ]
      },
      "id": "way/1265860176"
    },
    {
      "type": "Feature",
      "properties": {
        "@id": "way/1265860177",
        "brand": "Repsol",
        "brand:wikidata": "Q174747",
        "brand:wikipedia": "es:Repsol",
        "highway": "services",
        "name": "A.S. Valdemingómez",
        "operator": "Repsol",
        "source:geometry": "PNOA",
        "source:geometry:date": "2023",
        "@geometry": "center"
      },
      "geometry": {
        "type": "Point",
        "coordinates": [
          -3.5888736,
          40.3455798
        ]
      },
      "id": "way/1265860177"
    },
    {
      "type": "Feature",
      "properties": {
        "@id": "way/1268970240",
        "highway": "services",
        "@geometry": "center"
      },
      "geometry": {
        "type": "Point",
        "coordinates": [
          -5.7119184,
          37.2954074
        ]
      },
      "id": "way/1268970240"
    },
    {
      "type": "Feature",
      "properties": {
        "@id": "way/1268970241",
        "highway": "services",
        "@geometry": "center"
      },
      "geometry": {
        "type": "Point",
        "coordinates": [
          -5.7123438,
          37.2969412
        ]
      },
      "id": "way/1268970241"
    },
    {
      "type": "Feature",
      "properties": {
        "@id": "way/1277877450",
        "highway": "services",
        "name": "Bascula pública",
        "opening_hours": "24/7",
        "operator": "Junta Vecinal de Huerga de Frailes",
        "@geometry": "center"
      },
      "geometry": {
        "type": "Point",
        "coordinates": [
          -5.8501334,
          42.3914443
        ]
      },
      "id": "way/1277877450"
    },
    {
      "type": "Feature",
      "properties": {
        "@id": "way/1278855050",
        "highway": "services",
        "@geometry": "center"
      },
      "geometry": {
        "type": "Point",
        "coordinates": [
          0.5591314,
          41.6480669
        ]
      },
      "id": "way/1278855050"
    },
    {
      "type": "Feature",
      "properties": {
        "@id": "way/1280040051",
        "highway": "services",
        "operator": "Repsol",
        "@geometry": "center"
      },
      "geometry": {
        "type": "Point",
        "coordinates": [
          -0.4480941,
          38.3860223
        ]
      },
      "id": "way/1280040051"
    },
    {
      "type": "Feature",
      "properties": {
        "@id": "way/1282220470",
        "highway": "services",
        "name": "Estación de Servicio Portichuelos",
        "operator": "Shell",
        "@geometry": "center"
      },
      "geometry": {
        "type": "Point",
        "coordinates": [
          -5.3515776,
          36.231018
        ]
      },
      "id": "way/1282220470"
    },
    {
      "type": "Feature",
      "properties": {
        "@id": "way/1282805913",
        "highway": "services",
        "name": "Àrea de descans",
        "@geometry": "center"
      },
      "geometry": {
        "type": "Point",
        "coordinates": [
          1.9903281,
          41.8570114
        ]
      },
      "id": "way/1282805913"
    },
    {
      "type": "Feature",
      "properties": {
        "@id": "way/1283589663",
        "highway": "services",
        "@geometry": "center"
      },
      "geometry": {
        "type": "Point",
        "coordinates": [
          -1.9567921,
          42.0498114
        ]
      },
      "id": "way/1283589663"
    },
    {
      "type": "Feature",
      "properties": {
        "@id": "way/1284644808",
        "highway": "services",
        "@geometry": "center"
      },
      "geometry": {
        "type": "Point",
        "coordinates": [
          -5.7191371,
          40.1136692
        ]
      },
      "id": "way/1284644808"
    },
    {
      "type": "Feature",
      "properties": {
        "@id": "way/1285887277",
        "highway": "services",
        "@geometry": "center"
      },
      "geometry": {
        "type": "Point",
        "coordinates": [
          -3.9141242,
          40.5071208
        ]
      },
      "id": "way/1285887277"
    },
    {
      "type": "Feature",
      "properties": {
        "@id": "way/1285891732",
        "highway": "services",
        "@geometry": "center"
      },
      "geometry": {
        "type": "Point",
        "coordinates": [
          -3.9145563,
          40.5080637
        ]
      },
      "id": "way/1285891732"
    },
    {
      "type": "Feature",
      "properties": {
        "@id": "way/1285924625",
        "highway": "services",
        "@geometry": "center"
      },
      "geometry": {
        "type": "Point",
        "coordinates": [
          -3.8866321,
          40.5183123
        ]
      },
      "id": "way/1285924625"
    },
    {
      "type": "Feature",
      "properties": {
        "@id": "way/1286211732",
        "highway": "services",
        "@geometry": "center"
      },
      "geometry": {
        "type": "Point",
        "coordinates": [
          0.260535,
          41.6061913
        ]
      },
      "id": "way/1286211732"
    },
    {
      "type": "Feature",
      "properties": {
        "@id": "way/1287220156",
        "highway": "services",
        "name": "Complexo Ruta Esmeralda",
        "@geometry": "center"
      },
      "geometry": {
        "type": "Point",
        "coordinates": [
          -7.7656462,
          43.1728918
        ]
      },
      "id": "way/1287220156"
    },
    {
      "type": "Feature",
      "properties": {
        "@id": "way/1287351614",
        "highway": "services",
        "name": "Área de servicio de La Caridad",
        "@geometry": "center"
      },
      "geometry": {
        "type": "Point",
        "coordinates": [
          -6.8448651,
          43.5436651
        ]
      },
      "id": "way/1287351614"
    },
    {
      "type": "Feature",
      "properties": {
        "@id": "way/1287351615",
        "highway": "services",
        "name": "Área de servicio de La Caridad",
        "@geometry": "center"
      },
      "geometry": {
        "type": "Point",
        "coordinates": [
          -6.84495,
          43.5446184
        ]
      },
      "id": "way/1287351615"
    },
    {
      "type": "Feature",
      "properties": {
        "@id": "way/1288144437",
        "highway": "services",
        "name": "Estación de Servicio Repsol",
        "operator": "Repsol",
        "@geometry": "center"
      },
      "geometry": {
        "type": "Point",
        "coordinates": [
          -5.3454015,
          36.1986592
        ]
      },
      "id": "way/1288144437"
    },
    {
      "type": "Feature",
      "properties": {
        "@id": "way/1289694608",
        "highway": "services",
        "@geometry": "center"
      },
      "geometry": {
        "type": "Point",
        "coordinates": [
          -3.9750783,
          40.4849452
        ]
      },
      "id": "way/1289694608"
    },
    {
      "type": "Feature",
      "properties": {
        "@id": "way/1290213112",
        "highway": "services",
        "@geometry": "center"
      },
      "geometry": {
        "type": "Point",
        "coordinates": [
          0.7320202,
          42.2540774
        ]
      },
      "id": "way/1290213112"
    },
    {
      "type": "Feature",
      "properties": {
        "@id": "way/1290518635",
        "highway": "services",
        "@geometry": "center"
      },
      "geometry": {
        "type": "Point",
        "coordinates": [
          1.3658638,
          41.1395782
        ]
      },
      "id": "way/1290518635"
    },
    {
      "type": "Feature",
      "properties": {
        "@id": "way/1291262805",
        "highway": "services",
        "@geometry": "center"
      },
      "geometry": {
        "type": "Point",
        "coordinates": [
          0.3929001,
          41.6526555
        ]
      },
      "id": "way/1291262805"
    },
    {
      "type": "Feature",
      "properties": {
        "@id": "way/1293988309",
        "highway": "services",
        "name": "El Parador de los Galanes",
        "@geometry": "center"
      },
      "geometry": {
        "type": "Point",
        "coordinates": [
          -3.3797737,
          38.9868365
        ]
      },
      "id": "way/1293988309"
    },
    {
      "type": "Feature",
      "properties": {
        "@id": "way/1294745665",
        "highway": "services",
        "name": "Estación de Servicio Guadacorte II",
        "operator:-2024": "Cepsa",
        "@geometry": "center"
      },
      "geometry": {
        "type": "Point",
        "coordinates": [
          -5.4517038,
          36.1770977
        ]
      },
      "id": "way/1294745665"
    },
    {
      "type": "Feature",
      "properties": {
        "@id": "way/1298110693",
        "highway": "services",
        "name": "Estación de Servicio BP",
        "operator": "BP",
        "@geometry": "center"
      },
      "geometry": {
        "type": "Point",
        "coordinates": [
          -5.3388868,
          36.1769207
        ]
      },
      "id": "way/1298110693"
    },
    {
      "type": "Feature",
      "properties": {
        "@id": "way/1301051903",
        "highway": "services",
        "operator:-2024": "Cepsa",
        "toilets": "yes",
        "@geometry": "center"
      },
      "geometry": {
        "type": "Point",
        "coordinates": [
          -3.5916704,
          40.6342192
        ]
      },
      "id": "way/1301051903"
    },
    {
      "type": "Feature",
      "properties": {
        "@id": "way/1302673165",
        "highway": "services",
        "@geometry": "center"
      },
      "geometry": {
        "type": "Point",
        "coordinates": [
          -1.7427932,
          42.2837895
        ]
      },
      "id": "way/1302673165"
    },
    {
      "type": "Feature",
      "properties": {
        "@id": "way/1303738886",
        "highway": "services",
        "@geometry": "center"
      },
      "geometry": {
        "type": "Point",
        "coordinates": [
          -4.2675712,
          41.2088194
        ]
      },
      "id": "way/1303738886"
    },
    {
      "type": "Feature",
      "properties": {
        "@id": "way/1303738927",
        "highway": "services",
        "@geometry": "center"
      },
      "geometry": {
        "type": "Point",
        "coordinates": [
          -4.1877171,
          41.2214444
        ]
      },
      "id": "way/1303738927"
    },
    {
      "type": "Feature",
      "properties": {
        "@id": "way/1304601469",
        "highway": "services",
        "@geometry": "center"
      },
      "geometry": {
        "type": "Point",
        "coordinates": [
          -2.7093331,
          39.2062881
        ]
      },
      "id": "way/1304601469"
    },
    {
      "type": "Feature",
      "properties": {
        "@id": "way/1307247926",
        "highway": "services",
        "name": "Mecánica y Lavado San Roque",
        "@geometry": "center"
      },
      "geometry": {
        "type": "Point",
        "coordinates": [
          -5.3863481,
          36.2148486
        ]
      },
      "id": "way/1307247926"
    },
    {
      "type": "Feature",
      "properties": {
        "@id": "way/1307590514",
        "highway": "services",
        "name": "Estación de Servicio Repsol",
        "operator": "Repsol",
        "@geometry": "center"
      },
      "geometry": {
        "type": "Point",
        "coordinates": [
          -5.5145918,
          36.1997901
        ]
      },
      "id": "way/1307590514"
    },
    {
      "type": "Feature",
      "properties": {
        "@id": "way/1309325902",
        "highway": "services",
        "name": "Área De Servicio Los Ángeles 24h",
        "@geometry": "center"
      },
      "geometry": {
        "type": "Point",
        "coordinates": [
          -3.6923081,
          40.2966979
        ]
      },
      "id": "way/1309325902"
    },
    {
      "type": "Feature",
      "properties": {
        "@id": "way/1311146892",
        "highway": "services",
        "name": "Estación de Servicio BP",
        "operator": "BP",
        "@geometry": "center"
      },
      "geometry": {
        "type": "Point",
        "coordinates": [
          -5.4491311,
          36.1241203
        ]
      },
      "id": "way/1311146892"
    },
    {
      "type": "Feature",
      "properties": {
        "@id": "way/1311180730",
        "highway": "services",
        "operator:-2024": "Cepsa",
        "toilets": "yes",
        "@geometry": "center"
      },
      "geometry": {
        "type": "Point",
        "coordinates": [
          -4.1658343,
          37.8685929
        ]
      },
      "id": "way/1311180730"
    },
    {
      "type": "Feature",
      "properties": {
        "@id": "way/1311216292",
        "highway": "services",
        "@geometry": "center"
      },
      "geometry": {
        "type": "Point",
        "coordinates": [
          -2.4013281,
          41.1893542
        ]
      },
      "id": "way/1311216292"
    },
    {
      "type": "Feature",
      "properties": {
        "@id": "way/1311468436",
        "highway": "services",
        "name": "Área de servicio Fombellida",
        "wikimedia_commons": "File:Área de servicio Fombellida 02.jpg",
        "@geometry": "center"
      },
      "geometry": {
        "type": "Point",
        "coordinates": [
          -4.1248992,
          42.938653
        ]
      },
      "id": "way/1311468436"
    },
    {
      "type": "Feature",
      "properties": {
        "@id": "way/1312000729",
        "highway": "services",
        "name": "Basic",
        "operator": "Repsol",
        "toilets": "yes",
        "@geometry": "center"
      },
      "geometry": {
        "type": "Point",
        "coordinates": [
          -4.1762729,
          37.8728326
        ]
      },
      "id": "way/1312000729"
    },
    {
      "type": "Feature",
      "properties": {
        "@id": "way/1312405137",
        "highway": "services",
        "name": "Área de servicio Castañeda",
        "opening_hours": "Mo-Su 06:00-23:00",
        "phone": "+34  942744443",
        "website": "https://cercadeti.cepsa.es/gasolineras/cantabria/castaneda-castaneda",
        "@geometry": "center"
      },
      "geometry": {
        "type": "Point",
        "coordinates": [
          -3.9341976,
          43.3136896
        ]
      },
      "id": "way/1312405137"
    },
    {
      "type": "Feature",
      "properties": {
        "@id": "way/1313666958",
        "highway": "services",
        "@geometry": "center"
      },
      "geometry": {
        "type": "Point",
        "coordinates": [
          -3.8391991,
          43.4405464
        ]
      },
      "id": "way/1313666958"
    },
    {
      "type": "Feature",
      "properties": {
        "@id": "way/1313988573",
        "highway": "services",
        "@geometry": "center"
      },
      "geometry": {
        "type": "Point",
        "coordinates": [
          -1.2862281,
          40.4467786
        ]
      },
      "id": "way/1313988573"
    },
    {
      "type": "Feature",
      "properties": {
        "@id": "way/1314340937",
        "highway": "services",
        "@geometry": "center"
      },
      "geometry": {
        "type": "Point",
        "coordinates": [
          -8.7563769,
          42.5364343
        ]
      },
      "id": "way/1314340937"
    },
    {
      "type": "Feature",
      "properties": {
        "@id": "way/1315302028",
        "highway": "services",
        "@geometry": "center"
      },
      "geometry": {
        "type": "Point",
        "coordinates": [
          -2.9082234,
          37.4299455
        ]
      },
      "id": "way/1315302028"
    },
    {
      "type": "Feature",
      "properties": {
        "@id": "way/1315543022",
        "area": "yes",
        "highway": "services",
        "name": "SBC",
        "@geometry": "center"
      },
      "geometry": {
        "type": "Point",
        "coordinates": [
          -8.6638957,
          42.0366467
        ]
      },
      "id": "way/1315543022"
    },
    {
      "type": "Feature",
      "properties": {
        "@id": "way/1320058203",
        "highway": "services",
        "name": "E. S. San Roque I",
        "opening_hours": "24/7",
        "operator": "Plenoil",
        "@geometry": "center"
      },
      "geometry": {
        "type": "Point",
        "coordinates": [
          -5.3979545,
          36.2105166
        ]
      },
      "id": "way/1320058203"
    },
    {
      "type": "Feature",
      "properties": {
        "@id": "way/1321765772",
        "highway": "services",
        "name": "Valcarce",
        "opening_hours": "24/7",
        "operator": "Valcarce",
        "@geometry": "center"
      },
      "geometry": {
        "type": "Point",
        "coordinates": [
          -0.4893131,
          39.2335002
        ]
      },
      "id": "way/1321765772"
    },
    {
      "type": "Feature",
      "properties": {
        "@id": "way/1321769574",
        "highway": "services",
        "@geometry": "center"
      },
      "geometry": {
        "type": "Point",
        "coordinates": [
          -4.1352907,
          40.1841065
        ]
      },
      "id": "way/1321769574"
    },
    {
      "type": "Feature",
      "properties": {
        "@id": "way/1324439107",
        "highway": "services",
        "@geometry": "center"
      },
      "geometry": {
        "type": "Point",
        "coordinates": [
          -4.2681946,
          41.2099301
        ]
      },
      "id": "way/1324439107"
    },
    {
      "type": "Feature",
      "properties": {
        "@id": "way/1324832926",
        "highway": "services",
        "name": "Estación de Servicio Repsol",
        "operator": "Repsol",
        "@geometry": "center"
      },
      "geometry": {
        "type": "Point",
        "coordinates": [
          -5.4182569,
          36.4642245
        ]
      },
      "id": "way/1324832926"
    },
    {
      "type": "Feature",
      "properties": {
        "@id": "way/1327059081",
        "highway": "services",
        "toilets": "no",
        "@geometry": "center"
      },
      "geometry": {
        "type": "Point",
        "coordinates": [
          -4.0945901,
          40.9677678
        ]
      },
      "id": "way/1327059081"
    },
    {
      "type": "Feature",
      "properties": {
        "@id": "way/1328634830",
        "highway": "services",
        "@geometry": "center"
      },
      "geometry": {
        "type": "Point",
        "coordinates": [
          -3.5078211,
          40.2909248
        ]
      },
      "id": "way/1328634830"
    },
    {
      "type": "Feature",
      "properties": {
        "@id": "way/1332844159",
        "highway": "services",
        "name": "Gasolinera AVIA Puente la Reina",
        "@geometry": "center"
      },
      "geometry": {
        "type": "Point",
        "coordinates": [
          -1.8156661,
          42.6706405
        ]
      },
      "id": "way/1332844159"
    },
    {
      "type": "Feature",
      "properties": {
        "@id": "way/1336662110",
        "highway": "services",
        "@geometry": "center"
      },
      "geometry": {
        "type": "Point",
        "coordinates": [
          -3.0831429,
          40.0645917
        ]
      },
      "id": "way/1336662110"
    },
    {
      "type": "Feature",
      "properties": {
        "@id": "way/1338138550",
        "addr:city": "Dueñas",
        "addr:milestone": "99",
        "addr:postcode": "34210",
        "addr:street": "Autovía de Castilla",
        "highway": "services",
        "name": "Área de Servicio Canal de Castilla",
        "toilets": "yes",
        "@geometry": "center"
      },
      "geometry": {
        "type": "Point",
        "coordinates": [
          -4.5681773,
          41.8392455
        ]
      },
      "id": "way/1338138550"
    },
    {
      "type": "Feature",
      "properties": {
        "@id": "way/1342109850",
        "highway": "services",
        "@geometry": "center"
      },
      "geometry": {
        "type": "Point",
        "coordinates": [
          -1.6504877,
          42.689907
        ]
      },
      "id": "way/1342109850"
    },
    {
      "type": "Feature",
      "properties": {
        "@id": "way/1342188732",
        "highway": "services",
        "@geometry": "center"
      },
      "geometry": {
        "type": "Point",
        "coordinates": [
          -1.6748265,
          42.1210018
        ]
      },
      "id": "way/1342188732"
    },
    {
      "type": "Feature",
      "properties": {
        "@id": "way/1342285320",
        "highway": "services",
        "@geometry": "center"
      },
      "geometry": {
        "type": "Point",
        "coordinates": [
          -3.5904482,
          42.3756437
        ]
      },
      "id": "way/1342285320"
    },
    {
      "type": "Feature",
      "properties": {
        "@id": "way/1345209624",
        "highway": "services",
        "@geometry": "center"
      },
      "geometry": {
        "type": "Point",
        "coordinates": [
          -2.1110364,
          38.3564834
        ]
      },
      "id": "way/1345209624"
    },
    {
      "type": "Feature",
      "properties": {
        "@id": "way/1352299420",
        "highway": "services",
        "@geometry": "center"
      },
      "geometry": {
        "type": "Point",
        "coordinates": [
          -3.6911173,
          40.5071629
        ]
      },
      "id": "way/1352299420"
    },
    {
      "type": "Feature",
      "properties": {
        "@id": "way/1352572260",
        "highway": "services",
        "name": "Estación de Servicio El Portazgo",
        "operator": "Zoilo Ríos",
        "website": "https://www.zoilorios.com/estaciones-de-servicio/estacion-de-servicio-el-portazgo",
        "@geometry": "center"
      },
      "geometry": {
        "type": "Point",
        "coordinates": [
          -0.9253151,
          41.660624
        ]
      },
      "id": "way/1352572260"
    },
    {
      "type": "Feature",
      "properties": {
        "@id": "way/1352799117",
        "highway": "services",
        "@geometry": "center"
      },
      "geometry": {
        "type": "Point",
        "coordinates": [
          -3.6858386,
          40.5032652
        ]
      },
      "id": "way/1352799117"
    },
    {
      "type": "Feature",
      "properties": {
        "@id": "way/1353508421",
        "highway": "services",
        "@geometry": "center"
      },
      "geometry": {
        "type": "Point",
        "coordinates": [
          -3.6852406,
          40.5165042
        ]
      },
      "id": "way/1353508421"
    },
    {
      "type": "Feature",
      "properties": {
        "@id": "way/1353719325",
        "highway": "services",
        "@geometry": "center"
      },
      "geometry": {
        "type": "Point",
        "coordinates": [
          -2.3284541,
          39.638695
        ]
      },
      "id": "way/1353719325"
    },
    {
      "type": "Feature",
      "properties": {
        "@id": "way/1353719326",
        "highway": "services",
        "@geometry": "center"
      },
      "geometry": {
        "type": "Point",
        "coordinates": [
          -2.3302235,
          39.6382283
        ]
      },
      "id": "way/1353719326"
    },
    {
      "type": "Feature",
      "properties": {
        "@id": "way/1353719327",
        "highway": "services",
        "@geometry": "center"
      },
      "geometry": {
        "type": "Point",
        "coordinates": [
          -2.352374,
          39.6517513
        ]
      },
      "id": "way/1353719327"
    },
    {
      "type": "Feature",
      "properties": {
        "@id": "way/1353719328",
        "highway": "services",
        "@geometry": "center"
      },
      "geometry": {
        "type": "Point",
        "coordinates": [
          -2.4274153,
          39.7891792
        ]
      },
      "id": "way/1353719328"
    },
    {
      "type": "Feature",
      "properties": {
        "@id": "way/1353720239",
        "highway": "services",
        "@geometry": "center"
      },
      "geometry": {
        "type": "Point",
        "coordinates": [
          -2.6099803,
          39.8731002
        ]
      },
      "id": "way/1353720239"
    },
    {
      "type": "Feature",
      "properties": {
        "@id": "way/1353720240",
        "highway": "services",
        "@geometry": "center"
      },
      "geometry": {
        "type": "Point",
        "coordinates": [
          -2.7438917,
          39.9121394
        ]
      },
      "id": "way/1353720240"
    },
    {
      "type": "Feature",
      "properties": {
        "@id": "way/1353720241",
        "highway": "services",
        "@geometry": "center"
      },
      "geometry": {
        "type": "Point",
        "coordinates": [
          -2.7445974,
          39.9137128
        ]
      },
      "id": "way/1353720241"
    },
    {
      "type": "Feature",
      "properties": {
        "@id": "way/1355425648",
        "highway": "services",
        "@geometry": "center"
      },
      "geometry": {
        "type": "Point",
        "coordinates": [
          -5.8306712,
          43.3857255
        ]
      },
      "id": "way/1355425648"
    },
    {
      "type": "Feature",
      "properties": {
        "@id": "way/1356180813",
        "highway": "services",
        "@geometry": "center"
      },
      "geometry": {
        "type": "Point",
        "coordinates": [
          -5.8812067,
          43.3515916
        ]
      },
      "id": "way/1356180813"
    },
    {
      "type": "Feature",
      "properties": {
        "@id": "way/1356883097",
        "highway": "services",
        "@geometry": "center"
      },
      "geometry": {
        "type": "Point",
        "coordinates": [
          -2.7542457,
          42.8458706
        ]
      },
      "id": "way/1356883097"
    },
    {
      "type": "Feature",
      "properties": {
        "@id": "way/1359158109",
        "highway": "services",
        "@geometry": "center"
      },
      "geometry": {
        "type": "Point",
        "coordinates": [
          -15.4015018,
          28.1619226
        ]
      },
      "id": "way/1359158109"
    },
    {
      "type": "Feature",
      "properties": {
        "@id": "way/1359428530",
        "highway": "services",
        "name": "Área de Servicio El Villa",
        "@geometry": "center"
      },
      "geometry": {
        "type": "Point",
        "coordinates": [
          -1.6983867,
          42.1351556
        ]
      },
      "id": "way/1359428530"
    },
    {
      "type": "Feature",
      "properties": {
        "@id": "way/1369736672",
        "highway": "services",
        "@geometry": "center"
      },
      "geometry": {
        "type": "Point",
        "coordinates": [
          -5.0199754,
          40.7060639
        ]
      },
      "id": "way/1369736672"
    },
    {
      "type": "Feature",
      "properties": {
        "@id": "way/1370124591",
        "highway": "services",
        "@geometry": "center"
      },
      "geometry": {
        "type": "Point",
        "coordinates": [
          -1.7182372,
          42.8184942
        ]
      },
      "id": "way/1370124591"
    },
    {
      "type": "Feature",
      "properties": {
        "@id": "way/1371238203",
        "highway": "services",
        "name": "Abades Áreas (Alcalá de los Gazules)",
        "opening_hours": "24/7",
        "operator": "Abades Áreas",
        "@geometry": "center"
      },
      "geometry": {
        "type": "Point",
        "coordinates": [
          -5.7496616,
          36.4467626
        ]
      },
      "id": "way/1371238203"
    },
    {
      "type": "Feature",
      "properties": {
        "@id": "way/1371655883",
        "highway": "services",
        "@geometry": "center"
      },
      "geometry": {
        "type": "Point",
        "coordinates": [
          1.5761572,
          41.9628815
        ]
      },
      "id": "way/1371655883"
    },
    {
      "type": "Feature",
      "properties": {
        "@id": "way/1371655884",
        "highway": "services",
        "@geometry": "center"
      },
      "geometry": {
        "type": "Point",
        "coordinates": [
          1.5762573,
          41.9622468
        ]
      },
      "id": "way/1371655884"
    },
    {
      "type": "Feature",
      "properties": {
        "@id": "way/1378030198",
        "highway": "services",
        "operator": "Galp",
        "@geometry": "center"
      },
      "geometry": {
        "type": "Point",
        "coordinates": [
          -4.0931974,
          40.3786931
        ]
      },
      "id": "way/1378030198"
    },
    {
      "type": "Feature",
      "properties": {
        "@id": "way/1378030199",
        "highway": "services",
        "operator": "Galp",
        "@geometry": "center"
      },
      "geometry": {
        "type": "Point",
        "coordinates": [
          -4.0928435,
          40.3796251
        ]
      },
      "id": "way/1378030199"
    },
    {
      "type": "Feature",
      "properties": {
        "@id": "way/1379877899",
        "highway": "services",
        "@geometry": "center"
      },
      "geometry": {
        "type": "Point",
        "coordinates": [
          -3.3910149,
          38.8845059
        ]
      },
      "id": "way/1379877899"
    },
    {
      "type": "Feature",
      "properties": {
        "@id": "way/1381250167",
        "highway": "services",
        "opening_hours": "24/7",
        "website": "http://pedresina.com/",
        "@geometry": "center"
      },
      "geometry": {
        "type": "Point",
        "coordinates": [
          -6.7916891,
          40.5916489
        ]
      },
      "id": "way/1381250167"
    },
    {
      "type": "Feature",
      "properties": {
        "@id": "way/1381336759",
        "highway": "services",
        "@geometry": "center"
      },
      "geometry": {
        "type": "Point",
        "coordinates": [
          -6.0504533,
          40.849981
        ]
      },
      "id": "way/1381336759"
    },
    {
      "type": "Feature",
      "properties": {
        "@id": "way/1381351410",
        "highway": "services",
        "@geometry": "center"
      },
      "geometry": {
        "type": "Point",
        "coordinates": [
          -5.5442905,
          41.0581557
        ]
      },
      "id": "way/1381351410"
    },
    {
      "type": "Feature",
      "properties": {
        "@id": "way/1384388513",
        "highway": "services",
        "@geometry": "center"
      },
      "geometry": {
        "type": "Point",
        "coordinates": [
          -5.7078881,
          41.5463676
        ]
      },
      "id": "way/1384388513"
    },
    {
      "type": "Feature",
      "properties": {
        "@id": "way/1385806712",
        "highway": "services",
        "name": "Estación de Servicio Almaraz KM 200",
        "@geometry": "center"
      },
      "geometry": {
        "type": "Point",
        "coordinates": [
          -5.6953824,
          39.7914031
        ]
      },
      "id": "way/1385806712"
    },
    {
      "type": "Feature",
      "properties": {
        "@id": "way/1386541792",
        "highway": "services",
        "@geometry": "center"
      },
      "geometry": {
        "type": "Point",
        "coordinates": [
          -0.1023469,
          39.8971409
        ]
      },
      "id": "way/1386541792"
    },
    {
      "type": "Feature",
      "properties": {
        "@id": "way/1387994960",
        "highway": "services",
        "@geometry": "center"
      },
      "geometry": {
        "type": "Point",
        "coordinates": [
          -4.6576116,
          37.0514187
        ]
      },
      "id": "way/1387994960"
    },
    {
      "type": "Feature",
      "properties": {
        "@id": "way/1388534976",
        "highway": "services",
        "name": "Área de Servicio AP-7 (Manilva)",
        "@geometry": "center"
      },
      "geometry": {
        "type": "Point",
        "coordinates": [
          -5.2664523,
          36.3328317
        ]
      },
      "id": "way/1388534976"
    },
    {
      "type": "Feature",
      "properties": {
        "@id": "way/1388534998",
        "highway": "services",
        "name": "Área de Servicio AP-7 (Manilva)",
        "@geometry": "center"
      },
      "geometry": {
        "type": "Point",
        "coordinates": [
          -5.2669461,
          36.3326887
        ]
      },
      "id": "way/1388534998"
    },
    {
      "type": "Feature",
      "properties": {
        "@id": "way/1391911566",
        "highway": "services",
        "@geometry": "center"
      },
      "geometry": {
        "type": "Point",
        "coordinates": [
          -3.6377215,
          40.9979191
        ]
      },
      "id": "way/1391911566"
    },
    {
      "type": "Feature",
      "properties": {
        "@id": "node/1410586081",
        "highway": "services",
        "name": "l'Hospitalet",
        "name:ca": "l'Hospitalet",
        "toilets": "yes"
      },
      "geometry": {
        "type": "Point",
        "coordinates": [
          0.8949814,
          40.9843933
        ]
      },
      "id": "node/1410586081"
    },
    {
      "type": "Feature",
      "properties": {
        "@id": "node/1410586173",
        "highway": "services",
        "name": "l'Hospitalet",
        "name:ca": "l'Hospitalet",
        "toilets": "yes"
      },
      "geometry": {
        "type": "Point",
        "coordinates": [
          0.8964538,
          40.9867253
        ]
      },
      "id": "node/1410586173"
    },
    {
      "type": "Feature",
      "properties": {
        "@id": "way/1411481590",
        "highway": "services",
        "name": "Repsol",
        "@geometry": "center"
      },
      "geometry": {
        "type": "Point",
        "coordinates": [
          -0.5245671,
          38.9942797
        ]
      },
      "id": "way/1411481590"
    },
    {
      "type": "Feature",
      "properties": {
        "@id": "way/1413009222",
        "highway": "services",
        "@geometry": "center"
      },
      "geometry": {
        "type": "Point",
        "coordinates": [
          -3.7023848,
          42.3193271
        ]
      },
      "id": "way/1413009222"
    },
    {
      "type": "Feature",
      "properties": {
        "@id": "way/1413304850",
        "highway": "services",
        "name": "Estación de Servicio El Higuerón",
        "operator": "Moeve",
        "@geometry": "center"
      },
      "geometry": {
        "type": "Point",
        "coordinates": [
          -5.3497259,
          36.1865462
        ]
      },
      "id": "way/1413304850"
    },
    {
      "type": "Feature",
      "properties": {
        "@id": "way/1414463081",
        "area": "yes",
        "highway": "services",
        "name": "Baratoil",
        "@geometry": "center"
      },
      "geometry": {
        "type": "Point",
        "coordinates": [
          -8.6649166,
          42.0366295
        ]
      },
      "id": "way/1414463081"
    },
    {
      "type": "Feature",
      "properties": {
        "@id": "way/1414509678",
        "highway": "services",
        "name": "Àrea de Servei Campàs",
        "toilets": "yes",
        "@geometry": "center"
      },
      "geometry": {
        "type": "Point",
        "coordinates": [
          0.0087977,
          40.1047528
        ]
      },
      "id": "way/1414509678"
    },
    {
      "type": "Feature",
      "properties": {
        "@id": "way/1414667257",
        "highway": "services",
        "@geometry": "center"
      },
      "geometry": {
        "type": "Point",
        "coordinates": [
          -1.6770502,
          42.8401689
        ]
      },
      "id": "way/1414667257"
    },
    {
      "type": "Feature",
      "properties": {
        "@id": "way/1415152729",
        "highway": "services",
        "@geometry": "center"
      },
      "geometry": {
        "type": "Point",
        "coordinates": [
          -1.6884067,
          42.8261773
        ]
      },
      "id": "way/1415152729"
    },
    {
      "type": "Feature",
      "properties": {
        "@id": "way/1415255179",
        "highway": "services",
        "@geometry": "center"
      },
      "geometry": {
        "type": "Point",
        "coordinates": [
          -1.6887536,
          42.8212276
        ]
      },
      "id": "way/1415255179"
    },
    {
      "type": "Feature",
      "properties": {
        "@id": "way/1418845184",
        "highway": "services",
        "name": "Área de Servicio Mirasierra",
        "@geometry": "center"
      },
      "geometry": {
        "type": "Point",
        "coordinates": [
          -3.5831684,
          41.1882895
        ]
      },
      "id": "way/1418845184"
    },
    {
      "type": "Feature",
      "properties": {
        "@id": "way/1420341963",
        "highway": "services",
        "@geometry": "center"
      },
      "geometry": {
        "type": "Point",
        "coordinates": [
          -2.984568,
          37.1953512
        ]
      },
      "id": "way/1420341963"
    },
    {
      "type": "Feature",
      "properties": {
        "@id": "way/1420358231",
        "highway": "services",
        "@geometry": "center"
      },
      "geometry": {
        "type": "Point",
        "coordinates": [
          -2.9589562,
          37.1874269
        ]
      },
      "id": "way/1420358231"
    },
    {
      "type": "Feature",
      "properties": {
        "@id": "way/1420706307",
        "highway": "services",
        "@geometry": "center"
      },
      "geometry": {
        "type": "Point",
        "coordinates": [
          -5.7573865,
          42.5249774
        ]
      },
      "id": "way/1420706307"
    },
    {
      "type": "Feature",
      "properties": {
        "@id": "way/1422987792",
        "highway": "services",
        "name": "Área de Servicio Nueva Cartuja",
        "opening_hours": "24/7",
        "@geometry": "center"
      },
      "geometry": {
        "type": "Point",
        "coordinates": [
          -0.8461078,
          41.6240112
        ]
      },
      "id": "way/1422987792"
    },
    {
      "type": "Feature",
      "properties": {
        "@id": "way/1424672041",
        "highway": "services",
        "@geometry": "center"
      },
      "geometry": {
        "type": "Point",
        "coordinates": [
          -5.8330597,
          39.525774
        ]
      },
      "id": "way/1424672041"
    },
    {
      "type": "Feature",
      "properties": {
        "@id": "way/1424672181",
        "highway": "services",
        "@geometry": "center"
      },
      "geometry": {
        "type": "Point",
        "coordinates": [
          -5.8326068,
          39.5652879
        ]
      },
      "id": "way/1424672181"
    },
    {
      "type": "Feature",
      "properties": {
        "@id": "way/1424673540",
        "highway": "services",
        "@geometry": "center"
      },
      "geometry": {
        "type": "Point",
        "coordinates": [
          -5.8355135,
          39.5185447
        ]
      },
      "id": "way/1424673540"
    },
    {
      "type": "Feature",
      "properties": {
        "@id": "way/1426917034",
        "highway": "services",
        "@geometry": "center"
      },
      "geometry": {
        "type": "Point",
        "coordinates": [
          -2.2658457,
          43.2841882
        ]
      },
      "id": "way/1426917034"
    },
    {
      "type": "Feature",
      "properties": {
        "@id": "way/1428123142",
        "highway": "services",
        "@geometry": "center"
      },
      "geometry": {
        "type": "Point",
        "coordinates": [
          -2.2638462,
          43.284945
        ]
      },
      "id": "way/1428123142"
    },
    {
      "type": "Feature",
      "properties": {
        "@id": "way/1431539893",
        "highway": "services",
        "@geometry": "center"
      },
      "geometry": {
        "type": "Point",
        "coordinates": [
          -8.7060297,
          42.5516686
        ]
      },
      "id": "way/1431539893"
    },
    {
      "type": "Feature",
      "properties": {
        "@id": "way/1431804008",
        "brand": "Family Energy",
        "brand:wikidata": "Q133554680",
        "highway": "services",
        "name": "Family Energy",
        "toilets": "yes",
        "@geometry": "center"
      },
      "geometry": {
        "type": "Point",
        "coordinates": [
          -0.5382798,
          38.9858073
        ]
      },
      "id": "way/1431804008"
    },
    {
      "type": "Feature",
      "properties": {
        "@id": "way/1431981976",
        "highway": "services",
        "@geometry": "center"
      },
      "geometry": {
        "type": "Point",
        "coordinates": [
          -0.9088454,
          41.6332972
        ]
      },
      "id": "way/1431981976"
    },
    {
      "type": "Feature",
      "properties": {
        "@id": "way/1433109793",
        "highway": "services",
        "@geometry": "center"
      },
      "geometry": {
        "type": "Point",
        "coordinates": [
          -1.0994024,
          41.5858439
        ]
      },
      "id": "way/1433109793"
    },
    {
      "type": "Feature",
      "properties": {
        "@id": "way/1433561361",
        "highway": "services",
        "@geometry": "center"
      },
      "geometry": {
        "type": "Point",
        "coordinates": [
          0.3113152,
          41.8280321
        ]
      },
      "id": "way/1433561361"
    },
    {
      "type": "Feature",
      "properties": {
        "@id": "way/1437103310",
        "highway": "services",
        "@geometry": "center"
      },
      "geometry": {
        "type": "Point",
        "coordinates": [
          -1.6239851,
          42.7566935
        ]
      },
      "id": "way/1437103310"
    },
    {
      "type": "Feature",
      "properties": {
        "@id": "way/1437103344",
        "highway": "services",
        "name": "Área de Descanso de Camiones Torres",
        "@geometry": "center"
      },
      "geometry": {
        "type": "Point",
        "coordinates": [
          -1.5999972,
          42.7457617
        ]
      },
      "id": "way/1437103344"
    },
    {
      "type": "Feature",
      "properties": {
        "@id": "way/1441831763",
        "highway": "services",
        "@geometry": "center"
      },
      "geometry": {
        "type": "Point",
        "coordinates": [
          -5.8966876,
          39.17269
        ]
      },
      "id": "way/1441831763"
    },
    {
      "type": "Feature",
      "properties": {
        "@id": "way/1445405393",
        "brand": "Andamur",
        "brand:website": "https://www.andamur.com",
        "fuel:diesel": "yes",
        "highway": "services",
        "name": "Área de Servicio Andamur-Pamplona",
        "@geometry": "center"
      },
      "geometry": {
        "type": "Point",
        "coordinates": [
          -1.6134926,
          42.7326619
        ]
      },
      "id": "way/1445405393"
    },
    {
      "type": "Feature",
      "properties": {
        "@id": "way/1448192112",
        "highway": "services",
        "@geometry": "center"
      },
      "geometry": {
        "type": "Point",
        "coordinates": [
          -1.6354122,
          42.7761823
        ]
      },
      "id": "way/1448192112"
    },
    {
      "type": "Feature",
      "properties": {
        "@id": "way/1448192116",
        "highway": "services",
        "@geometry": "center"
      },
      "geometry": {
        "type": "Point",
        "coordinates": [
          -1.6347447,
          42.7763627
        ]
      },
      "id": "way/1448192116"
    },
    {
      "type": "Feature",
      "properties": {
        "@id": "way/1450891937",
        "highway": "services",
        "@geometry": "center"
      },
      "geometry": {
        "type": "Point",
        "coordinates": [
          -0.983368,
          41.6326514
        ]
      },
      "id": "way/1450891937"
    },
    {
      "type": "Feature",
      "properties": {
        "@id": "way/1454111349",
        "highway": "services",
        "@geometry": "center"
      },
      "geometry": {
        "type": "Point",
        "coordinates": [
          -1.6415728,
          42.7484721
        ]
      },
      "id": "way/1454111349"
    },
    {
      "type": "Feature",
      "properties": {
        "@id": "way/1454124319",
        "highway": "services",
        "@geometry": "center"
      },
      "geometry": {
        "type": "Point",
        "coordinates": [
          -1.6330812,
          42.7360438
        ]
      },
      "id": "way/1454124319"
    },
    {
      "type": "Feature",
      "properties": {
        "@id": "way/1454132916",
        "highway": "services",
        "@geometry": "center"
      },
      "geometry": {
        "type": "Point",
        "coordinates": [
          -1.9379865,
          42.3505751
        ]
      },
      "id": "way/1454132916"
    },
    {
      "type": "Feature",
      "properties": {
        "@id": "way/1454136391",
        "highway": "services",
        "name": "Del Villar",
        "@geometry": "center"
      },
      "geometry": {
        "type": "Point",
        "coordinates": [
          -2.02823,
          42.6550939
        ]
      },
      "id": "way/1454136391"
    },
    {
      "type": "Feature",
      "properties": {
        "@id": "way/1454137336",
        "highway": "services",
        "name": "Tangerina",
        "@geometry": "center"
      },
      "geometry": {
        "type": "Point",
        "coordinates": [
          -2.1979666,
          42.91524
        ]
      },
      "id": "way/1454137336"
    },
    {
      "type": "Feature",
      "properties": {
        "@id": "way/1458262914",
        "highway": "services",
        "name": "Peaje",
        "@geometry": "center"
      },
      "geometry": {
        "type": "Point",
        "coordinates": [
          -1.7704785,
          42.1377689
        ]
      },
      "id": "way/1458262914"
    },
    {
      "type": "Feature",
      "properties": {
        "@id": "way/1461811629",
        "highway": "services",
        "name": "Parrilla García",
        "short_name": "PG",
        "@geometry": "center"
      },
      "geometry": {
        "type": "Point",
        "coordinates": [
          -3.7569685,
          38.6795274
        ]
      },
      "id": "way/1461811629"
    },
    {
      "type": "Feature",
      "properties": {
        "@id": "way/1466231400",
        "highway": "services",
        "landuse": "retail",
        "@geometry": "center"
      },
      "geometry": {
        "type": "Point",
        "coordinates": [
          -1.2096113,
          41.5531587
        ]
      },
      "id": "way/1466231400"
    },
    {
      "type": "Feature",
      "properties": {
        "@id": "node/1571093462",
        "highway": "services",
        "name": "Baix Ebre",
        "name:ca": "Baix Ebre",
        "operator": "Cepsa / Autogrill",
        "toilets": "yes"
      },
      "geometry": {
        "type": "Point",
        "coordinates": [
          0.6258852,
          40.7635779
        ]
      },
      "id": "node/1571093462"
    },
    {
      "type": "Feature",
      "properties": {
        "@id": "node/2152017664",
        "exit:road_ref": "AP-68",
        "highway": "services",
        "name": "Área de Servicio de Gallur"
      },
      "geometry": {
        "type": "Point",
        "coordinates": [
          -1.3202964,
          41.832675
        ]
      },
      "id": "node/2152017664"
    },
    {
      "type": "Feature",
      "properties": {
        "@id": "node/2152017666",
        "exit:road_ref": "AP-68",
        "highway": "services",
        "name": "Área de Servicio de Gallur"
      },
      "geometry": {
        "type": "Point",
        "coordinates": [
          -1.3194272,
          41.8347444
        ]
      },
      "id": "node/2152017666"
    },
    {
      "type": "Feature",
      "properties": {
        "@id": "node/2212001291",
        "highway": "services",
        "name": "Les Garrigues",
        "name:ca": "Les Garrigues",
        "operator:-2024": "Cepsa",
        "toilets": "no"
      },
      "geometry": {
        "type": "Point",
        "coordinates": [
          0.8674037,
          41.4869854
        ]
      },
      "id": "node/2212001291"
    },
    {
      "type": "Feature",
      "properties": {
        "@id": "node/2212001464",
        "highway": "services",
        "name": "Les Garrigues",
        "name:ca": "Les Garrigues",
        "operator:-2024": "Cepsa",
        "toilets": "no"
      },
      "geometry": {
        "type": "Point",
        "coordinates": [
          0.8637617,
          41.4897011
        ]
      },
      "id": "node/2212001464"
    },
    {
      "type": "Feature",
      "properties": {
        "@id": "node/2249305705",
        "highway": "services",
        "name": "Baix Ebre",
        "name:ca": "Baix Ebre",
        "operator": "Cepsa / Autogrill",
        "toilets": "yes"
      },
      "geometry": {
        "type": "Point",
        "coordinates": [
          0.6290718,
          40.7661799
        ]
      },
      "id": "node/2249305705"
    },
    {
      "type": "Feature",
      "properties": {
        "@id": "node/2685272022",
        "highway": "services",
        "name": "L'Alt Camp",
        "operator:-2024": "Cepsa",
        "toilets": "yes"
      },
      "geometry": {
        "type": "Point",
        "coordinates": [
          1.4133766,
          41.2863023
        ]
      },
      "id": "node/2685272022"
    },
    {
      "type": "Feature",
      "properties": {
        "@id": "node/2728359400",
        "highway": "services",
        "toilets": "yes"
      },
      "geometry": {
        "type": "Point",
        "coordinates": [
          1.7503464,
          41.5930451
        ]
      },
      "id": "node/2728359400"
    },
    {
      "type": "Feature",
      "properties": {
        "@id": "node/2728359443",
        "highway": "services",
        "toilets": "yes"
      },
      "geometry": {
        "type": "Point",
        "coordinates": [
          1.7508838,
          41.5937844
        ]
      },
      "id": "node/2728359443"
    },
    {
      "type": "Feature",
      "properties": {
        "@id": "node/2804667254",
        "exit:road_ref": "AP-7",
        "highway": "services",
        "name": "L'Empordà"
      },
      "geometry": {
        "type": "Point",
        "coordinates": [
          2.9305869,
          42.1724906
        ]
      },
      "id": "node/2804667254"
    },
    {
      "type": "Feature",
      "properties": {
        "@id": "node/3001131142",
        "highway": "services",
        "internet_access": "wlan",
        "name": "El Penedès",
        "opening_hours": "Mo-Su 07:00-23:00",
        "operator": "Medas;Repsol",
        "toilets": "yes"
      },
      "geometry": {
        "type": "Point",
        "coordinates": [
          1.5914225,
          41.2884584
        ]
      },
      "id": "node/3001131142"
    },
    {
      "type": "Feature",
      "properties": {
        "@id": "node/3001131143",
        "highway": "services",
        "name": "El Penedès",
        "opening_hours": "24/7",
        "operator": "Medas; Repsol",
        "shower": "yes",
        "toilets": "yes"
      },
      "geometry": {
        "type": "Point",
        "coordinates": [
          1.5911757,
          41.2889874
        ]
      },
      "id": "node/3001131143"
    },
    {
      "type": "Feature",
      "properties": {
        "@id": "node/3030977444",
        "highway": "services",
        "name": "L'Alt Camp",
        "operator:-2024": "Cepsa",
        "toilets": "yes"
      },
      "geometry": {
        "type": "Point",
        "coordinates": [
          1.4128767,
          41.2879431
        ]
      },
      "id": "node/3030977444"
    },
    {
      "type": "Feature",
      "properties": {
        "@id": "node/3111010739",
        "highway": "services",
        "name": "Área de servicio Pagozelai"
      },
      "geometry": {
        "type": "Point",
        "coordinates": [
          -1.9564176,
          43.0585852
        ]
      },
      "id": "node/3111010739"
    },
    {
      "type": "Feature",
      "properties": {
        "@id": "node/3116323404",
        "highway": "services"
      },
      "geometry": {
        "type": "Point",
        "coordinates": [
          -2.0145856,
          42.9220315
        ]
      },
      "id": "node/3116323404"
    },
    {
      "type": "Feature",
      "properties": {
        "@id": "node/3121300111",
        "highway": "services",
        "toilets": "yes"
      },
      "geometry": {
        "type": "Point",
        "coordinates": [
          -5.2887005,
          43.4814253
        ]
      },
      "id": "node/3121300111"
    },
    {
      "type": "Feature",
      "properties": {
        "@id": "node/3121300112",
        "highway": "services",
        "toilets": "yes"
      },
      "geometry": {
        "type": "Point",
        "coordinates": [
          -5.2834425,
          43.4826873
        ]
      },
      "id": "node/3121300112"
    },
    {
      "type": "Feature",
      "properties": {
        "@id": "node/3127944111",
        "amenity": "parking",
        "highway": "services"
      },
      "geometry": {
        "type": "Point",
        "coordinates": [
          -5.8102565,
          43.1815688
        ]
      },
      "id": "node/3127944111"
    },
    {
      "type": "Feature",
      "properties": {
        "@id": "node/3127944112",
        "amenity": "parking",
        "highway": "services"
      },
      "geometry": {
        "type": "Point",
        "coordinates": [
          -5.8109686,
          43.1818787
        ]
      },
      "id": "node/3127944112"
    },
    {
      "type": "Feature",
      "properties": {
        "@id": "node/3164407262",
        "highway": "services",
        "name": "Sant Joan",
        "name:ca": "Sant Joan",
        "operator": "Repsol",
        "toilets": "yes"
      },
      "geometry": {
        "type": "Point",
        "coordinates": [
          2.0485348,
          41.4970043
        ]
      },
      "id": "node/3164407262"
    },
    {
      "type": "Feature",
      "properties": {
        "@id": "node/3164407263",
        "highway": "services",
        "name": "Sant Joan",
        "name:ca": "Sant Joan",
        "operator": "Repsol",
        "toilets": "yes"
      },
      "geometry": {
        "type": "Point",
        "coordinates": [
          2.0492406,
          41.498503
        ]
      },
      "id": "node/3164407263"
    },
    {
      "type": "Feature",
      "properties": {
        "@id": "node/3165090455",
        "highway": "services",
        "name": "Portal del Vallès",
        "toilets": "yes"
      },
      "geometry": {
        "type": "Point",
        "coordinates": [
          2.1654474,
          41.471064
        ]
      },
      "id": "node/3165090455"
    },
    {
      "type": "Feature",
      "properties": {
        "@id": "node/4318640692",
        "highway": "services"
      },
      "geometry": {
        "type": "Point",
        "coordinates": [
          -4.5456712,
          43.3094095
        ]
      },
      "id": "node/4318640692"
    },
    {
      "type": "Feature",
      "properties": {
        "@id": "node/4383984401",
        "highway": "services",
        "name": "Àrea de Servei de Jorba",
        "toilets": "yes"
      },
      "geometry": {
        "type": "Point",
        "coordinates": [
          1.5091249,
          41.6202588
        ]
      },
      "id": "node/4383984401"
    },
    {
      "type": "Feature",
      "properties": {
        "@id": "node/4853103367",
        "highway": "services"
      },
      "geometry": {
        "type": "Point",
        "coordinates": [
          -2.8737196,
          42.9657492
        ]
      },
      "id": "node/4853103367"
    },
    {
      "type": "Feature",
      "properties": {
        "@id": "node/4853103369",
        "highway": "services"
      },
      "geometry": {
        "type": "Point",
        "coordinates": [
          -2.869333,
          42.9665623
        ]
      },
      "id": "node/4853103369"
    },
    {
      "type": "Feature",
      "properties": {
        "@id": "node/4925940924",
        "highway": "services"
      },
      "geometry": {
        "type": "Point",
        "coordinates": [
          -4.3446667,
          42.2613508
        ]
      },
      "id": "node/4925940924"
    },
    {
      "type": "Feature",
      "properties": {
        "@id": "node/4936558580",
        "highway": "services"
      },
      "geometry": {
        "type": "Point",
        "coordinates": [
          -4.4449525,
          42.2689299
        ]
      },
      "id": "node/4936558580"
    },
    {
      "type": "Feature",
      "properties": {
        "@id": "node/5494239159",
        "highway": "services",
        "name": "La Plana",
        "name:ca": "La Plana"
      },
      "geometry": {
        "type": "Point",
        "coordinates": [
          -0.1222751,
          39.8680234
        ]
      },
      "id": "node/5494239159"
    },
    {
      "type": "Feature",
      "properties": {
        "@id": "node/5555805984",
        "highway": "services",
        "name": "Area de Servicio Casablanca"
      },
      "geometry": {
        "type": "Point",
        "coordinates": [
          -0.7560987,
          41.6405937
        ]
      },
      "id": "node/5555805984"
    },
    {
      "type": "Feature",
      "properties": {
        "@id": "node/6626999750",
        "highway": "services"
      },
      "geometry": {
        "type": "Point",
        "coordinates": [
          1.9147905,
          41.4166344
        ]
      },
      "id": "node/6626999750"
    },
    {
      "type": "Feature",
      "properties": {
        "@id": "node/7617856228",
        "highway": "services"
      },
      "geometry": {
        "type": "Point",
        "coordinates": [
          -8.5340204,
          42.8945242
        ]
      },
      "id": "node/7617856228"
    },
    {
      "type": "Feature",
      "properties": {
        "@id": "node/12438477688",
        "addr:housenumber": "36",
        "addr:street": "Calle del Maestro Portela",
        "highway": "services",
        "name": "Islaplagas",
        "toilets": "no",
        "website": "Islaplagas.com"
      },
      "geometry": {
        "type": "Point",
        "coordinates": [
          -6.1967194,
          36.4699353
        ]
      },
      "id": "node/12438477688"
    },
    {
      "type": "Feature",
      "properties": {
        "@id": "node/12800030569",
        "highway": "services"
      },
      "geometry": {
        "type": "Point",
        "coordinates": [
          -4.3058082,
          40.2727741
        ]
      },
      "id": "node/12800030569"
    },
    {
      "type": "Feature",
      "properties": {
        "@id": "node/12811284412",
        "highway": "services",
        "name": "Suministros Industriales"
      },
      "geometry": {
        "type": "Point",
        "coordinates": [
          -3.770169,
          40.3977328
        ]
      },
      "id": "node/12811284412"
    },
    {
      "type": "Feature",
      "properties": {
        "@id": "node/12811349860",
        "highway": "services",
        "name": "EXD"
      },
      "geometry": {
        "type": "Point",
        "coordinates": [
          -3.7720532,
          40.3971947
        ]
      },
      "id": "node/12811349860"
    },
    {
      "type": "Feature",
      "properties": {
        "@id": "node/12811371322",
        "highway": "services",
        "name": "Sistemas Ambiente"
      },
      "geometry": {
        "type": "Point",
        "coordinates": [
          -3.7723592,
          40.3972982
        ]
      },
      "id": "node/12811371322"
    },
    {
      "type": "Feature",
      "properties": {
        "@id": "node/12811444357",
        "highway": "services",
        "name": "Asesoria"
      },
      "geometry": {
        "type": "Point",
        "coordinates": [
          -3.7757646,
          40.3990129
        ]
      },
      "id": "node/12811444357"
    },
    {
      "type": "Feature",
      "properties": {
        "@id": "node/12979796406",
        "highway": "services"
      },
      "geometry": {
        "type": "Point",
        "coordinates": [
          -2.2293947,
          36.8682937
        ]
      },
      "id": "node/12979796406"
    },
    {
      "type": "Feature",
      "properties": {
        "@id": "node/12981763148",
        "addr:housenumber": "46",
        "addr:street": "Avenida de San Juan Bosco",
        "description": "Servicios Públicos Municipales",
        "highway": "services",
        "name": "HEMSA Servicios Públicos Municipales",
        "opening_hours": "Mo-Fr 09:00-13:30"
      },
      "geometry": {
        "type": "Point",
        "coordinates": [
          -6.1941128,
          36.4628684
        ]
      },
      "id": "node/12981763148"
    },
    {
      "type": "Feature",
      "properties": {
        "@id": "node/13234317478",
        "addr:milestone": "km. 28.23",
        "addr:street": "A-4",
        "amenity": "fuel",
        "fuel:diesel": "yes",
        "fuel:octane_95": "yes",
        "highway": "services",
        "name": "Gasolinera El Toro",
        "old_brand": "Repsol",
        "old_brand:wikidata": "Q174747",
        "opening_hours": "24/7"
      },
      "geometry": {
        "type": "Point",
        "coordinates": [
          -3.6694204,
          40.1771751
        ]
      },
      "id": "node/13234317478"
    }
  ]
}